-- MySQL dump 10.13  Distrib 8.0.31, for Win64 (x86_64)
--
-- Host: localhost    Database: hospitalnew
-- ------------------------------------------------------
-- Server version	8.0.31

/*!40101 SET @OLD_CHARACTER_SET_CLIENT=@@CHARACTER_SET_CLIENT */;
/*!40101 SET @OLD_CHARACTER_SET_RESULTS=@@CHARACTER_SET_RESULTS */;
/*!40101 SET @OLD_COLLATION_CONNECTION=@@COLLATION_CONNECTION */;
/*!50503 SET NAMES utf8 */;
/*!40103 SET @OLD_TIME_ZONE=@@TIME_ZONE */;
/*!40103 SET TIME_ZONE='+00:00' */;
/*!40014 SET @OLD_UNIQUE_CHECKS=@@UNIQUE_CHECKS, UNIQUE_CHECKS=0 */;
/*!40014 SET @OLD_FOREIGN_KEY_CHECKS=@@FOREIGN_KEY_CHECKS, FOREIGN_KEY_CHECKS=0 */;
/*!40101 SET @OLD_SQL_MODE=@@SQL_MODE, SQL_MODE='NO_AUTO_VALUE_ON_ZERO' */;
/*!40111 SET @OLD_SQL_NOTES=@@SQL_NOTES, SQL_NOTES=0 */;

--
-- Table structure for table `admin`
--

DROP TABLE IF EXISTS `admin`;
/*!40101 SET @saved_cs_client     = @@character_set_client */;
/*!50503 SET character_set_client = utf8mb4 */;
CREATE TABLE `admin` (
  `username` char(50) NOT NULL,
  `password` char(50) NOT NULL,
  `name` char(50) NOT NULL
) ENGINE=InnoDB DEFAULT CHARSET=utf8mb4 COLLATE=utf8mb4_0900_ai_ci;
/*!40101 SET character_set_client = @saved_cs_client */;

--
-- Dumping data for table `admin`
--

LOCK TABLES `admin` WRITE;
/*!40000 ALTER TABLE `admin` DISABLE KEYS */;
INSERT INTO `admin` VALUES ('dagmar86','b0132f59d77048cfc12e','unde'),('dare.rae','e0f7ff9779e6922f1e88','eveniet'),('efren18','e35fbd347d3d79a3bd98','aliquam'),('elenor.mcclure','2a4f29bdc2b3751ebdb0','recusandae'),('faustino.bogisich','ec49b635eae4c7ac5642','optio'),('gino.schaden','a35e805efa468d74f3f4','quod'),('hondricka','15e9ebbfbe2690d62525','aut'),('lockman.olga','e23258e676e59a3a9a07','et'),('olaf48','9d2e2e22a652e55ba306','error');
/*!40000 ALTER TABLE `admin` ENABLE KEYS */;
UNLOCK TABLES;

--
-- Table structure for table `admissionrecommendation`
--

DROP TABLE IF EXISTS `admissionrecommendation`;
/*!40101 SET @saved_cs_client     = @@character_set_client */;
/*!50503 SET character_set_client = utf8mb4 */;
CREATE TABLE `admissionrecommendation` (
  `patientID` char(50) NOT NULL,
  `doctorID` char(50) NOT NULL
) ENGINE=InnoDB DEFAULT CHARSET=utf8mb4 COLLATE=utf8mb4_0900_ai_ci;
/*!40101 SET character_set_client = @saved_cs_client */;

--
-- Dumping data for table `admissionrecommendation`
--

LOCK TABLES `admissionrecommendation` WRITE;
/*!40000 ALTER TABLE `admissionrecommendation` DISABLE KEYS */;
INSERT INTO `admissionrecommendation` VALUES ('1066007','1096');
/*!40000 ALTER TABLE `admissionrecommendation` ENABLE KEYS */;
UNLOCK TABLES;

--
-- Table structure for table `department`
--

DROP TABLE IF EXISTS `department`;
/*!40101 SET @saved_cs_client     = @@character_set_client */;
/*!50503 SET character_set_client = utf8mb4 */;
CREATE TABLE `department` (
  `name` char(50) NOT NULL
) ENGINE=InnoDB DEFAULT CHARSET=utf8mb4 COLLATE=utf8mb4_0900_ai_ci;
/*!40101 SET character_set_client = @saved_cs_client */;

--
-- Dumping data for table `department`
--

LOCK TABLES `department` WRITE;
/*!40000 ALTER TABLE `department` DISABLE KEYS */;
INSERT INTO `department` VALUES ('Cardiology'),('Dermatology'),('Gynaecology'),('Neurology'),('Opthamology'),('Pathology'),('Pediatrics'),('Radiology'),('Urology'),('Oncology');
/*!40000 ALTER TABLE `department` ENABLE KEYS */;
UNLOCK TABLES;

--
-- Table structure for table `doctor`
--

DROP TABLE IF EXISTS `doctor`;
/*!40101 SET @saved_cs_client     = @@character_set_client */;
/*!50503 SET character_set_client = utf8mb4 */;
CREATE TABLE `doctor` (
  `id` char(50) NOT NULL,
  `schedule` char(50) NOT NULL,
  `name` char(50) NOT NULL,
  `department` char(50) NOT NULL,
  `password` char(50) NOT NULL DEFAULT 'asdfghj123'
) ENGINE=InnoDB DEFAULT CHARSET=utf8mb4 COLLATE=utf8mb4_0900_ai_ci;
/*!40101 SET character_set_client = @saved_cs_client */;

--
-- Dumping data for table `doctor`
--

LOCK TABLES `doctor` WRITE;
/*!40000 ALTER TABLE `doctor` DISABLE KEYS */;
INSERT INTO `doctor` VALUES ('1101','OPD','Kelton Moen PhD','Oncology','asdfghj123'),('1200','OPD','Shany Will II','Pathology','asdfghj123'),('1265','OPD','Roosevelt Littel II','Oncology','asdfghj123'),('1308','L','Prof. Virgie Schaden','Opthamology','asdfghj123'),('1513','OT','Cullen Hilll','Gynaecology','asdfghj123'),('1518','OPD','Delphine Abbott','Radiology','asdfghj123'),('1679','OT','Mrs. Itzel Casper I','Gynaecology','asdfghj123'),('1797','OPD','Ms. Jazmyn Conroy DDS','Dermatology','asdfghj123'),('2000','OPD','Prof. Beulah Gottlieb IV','Pediatrics','asdfghj123'),('2258','OPD','Prof. Jameson Luettgen','Dermatology','asdfghj123'),('2355','L','Lavinia Lang IV','Gynaecology','asdfghj123'),('2378','L','Ophelia Vandervort','Neurology','asdfghj123'),('2408','L','Khalid Shields','Urology','asdfghj123'),('2510','OT','Mrs. Charity Jakubowski','Neurology','asdfghj123'),('2534','OPD','Jolie Volkman','Radiology','asdfghj123'),('2561','OPD','Mrs. Joana Will','Opthamology','asdfghj123'),('2564','OPD','Fern O\'Conner','Urology','asdfghj123'),('2590','OPD','Brandyn Grimes','Pediatrics','asdfghj123'),('2602','OPD','Cierra Thompson','Dermatology','asdfghj123'),('2613','L','Mrs. Meredith Rowe','Urology','asdfghj123'),('2695','OPD','Mattie Schaefer','Oncology','asdfghj123'),('2758','OT','Pink King','Neurology','asdfghj123'),('2795','OPD','Mr. Brant Senger PhD','Dermatology','asdfghj123'),('2816','OPD','Kelli Braun','Urology','asdfghj123'),('2930','OT','Miss Darlene Schaden','Cardiology','asdfghj123'),('3068','OT','Dr. Dino Kling','Radiology','asdfghj123'),('3177','OT','Dr. Douglas Kling V','Gynaecology','asdfghj123'),('3214','OT','Domenic Okuneva','Dermatology','asdfghj123'),('3252','L','Abbie Krajcik','Urology','asdfghj123'),('3257','OT','Prof. Nolan Gorczany','Opthamology','asdfghj123'),('3272','L','Prof. Tatyana Kshlerin V','Cardiology','asdfghj123'),('3444','L','Dr. Dina Steuber','Oncology','asdfghj123'),('3446','OPD','Frances Berge','Urology','asdfghj123'),('3607','L','Favian Kub','Urology','asdfghj123'),('3779','OPD','Prof. Xander Cormier Sr.','Urology','asdfghj123'),('3898','L','Dayne Dare III','Neurology','asdfghj123'),('3909','L','Josh King II','Cardiology','asdfghj123'),('3973','L','Zachariah Heathcote MD','Opthamology','asdfghj123'),('4089','L','Addie Mosciski','Neurology','asdfghj123'),('4094','OPD','Cassandre Treutel III','Gynaecology','asdfghj123'),('4369','L','Dr. Ed Moen','Neurology','asdfghj123'),('4450','OPD','Gust Davis','Pathology','asdfghj123'),('4610','OPD','Prof. Alexzander Wolf','Pathology','asdfghj123'),('4745','OPD','Dr. Albert Beatty','Radiology','asdfghj123'),('4811','OPD','Dr. Wilburn Johnston','Opthamology','asdfghj123'),('4926','OT','Levi Beatty Sr.','Pediatrics','asdfghj123'),('5080','OPD','Leonor Schmitt','Radiology','asdfghj123'),('5182','OPD','Prof. Merlin O\'Conner II','Oncology','asdfghj123'),('5291','OPD','Jaiden O\'Kon Jr.','Cardiology','asdfghj123'),('5365','OT','Ressie Douglas','Dermatology','asdfghj123'),('5537','L','Miss Elvie Heaney Jr.','Pediatrics','asdfghj123'),('5578','OPD','Emory Dach','Oncology','asdfghj123'),('5630','OT','Elias Will','Pathology','asdfghj123'),('5901','L','Kathlyn Hartmann IV','Pediatrics','asdfghj123'),('6111','OT','Carmel Marvin','Opthamology','asdfghj123'),('6211','OPD','Albertha Fisher','Opthamology','asdfghj123'),('6270','L','Deangelo Runolfsson','Radiology','asdfghj123'),('6347','OPD','Prof. Lolita Lang DDS','Cardiology','asdfghj123'),('6383','OT','Carolanne Jerde','Urology','asdfghj123'),('6386','OPD','Trisha Rice','Neurology','asdfghj123'),('6635','OPD','Darwin Parisian','Cardiology','asdfghj123'),('6642','OT','Joel Bauch','Pediatrics','asdfghj123'),('6669','OPD','Ole Wintheiser','Pediatrics','asdfghj123'),('6677','OT','Ottilie Yundt','Neurology','asdfghj123'),('6914','L','Queen Gutkowski','Neurology','asdfghj123'),('6955','L','Betsy Dooley','Gynaecology','asdfghj123'),('7042','L','Miss Libbie Legros DVM','Neurology','asdfghj123'),('7043','L','Keaton Hauck','Pediatrics','asdfghj123'),('7164','OT','Herman Rohan IV','Radiology','asdfghj123'),('7190','L','Alysson Abshire','Cardiology','asdfghj123'),('7221','OPD','Geovanny Little','Dermatology','asdfghj123'),('7446','L','Keara Cremin','Oncology','asdfghj123'),('7489','OT','Gracie Hudson','Dermatology','asdfghj123'),('7535','L','Judah Blanda','Oncology','asdfghj123'),('7569','L','Victor Vandervort','Pathology','asdfghj123'),('7662','L','Sandy Abernathy','Cardiology','asdfghj123'),('7677','OPD','Dr. Genesis Hackett II','Opthamology','asdfghj123'),('7739','L','Maximilian Windler','Pathology','asdfghj123'),('7752','L','Jessyca Dietrich','Cardiology','asdfghj123'),('7758','L','Melba Botsford','Gynaecology','asdfghj123'),('7881','OT','Dr. Travon Gleichner','Pathology','asdfghj123'),('7920','OT','Rosemary Davis','Oncology','asdfghj123'),('7979','L','Whitney Herman','Pathology','asdfghj123'),('8054','OPD','Salma Bailey III','Oncology','asdfghj123'),('8059','OPD','Katelyn Heidenreich','Dermatology','asdfghj123'),('8529','OT','Ludie Gleason','Pediatrics','asdfghj123'),('8551','L','Prof. Eldora Wyman PhD','Cardiology','asdfghj123'),('8612','L','Rahul Breitenberg','Gynaecology','asdfghj123'),('8721','OT','Maurice O\'Kon','Gynaecology','asdfghj123'),('8949','OPD','Brook Kshlerin IV','Dermatology','asdfghj123'),('9104','OT','Prof. Cade Swaniawski','Urology','asdfghj123'),('9140','OPD','Dr. Kenyon Schaden Jr.','Opthamology','asdfghj123'),('9237','OT','Carley Goyette MD','Radiology','asdfghj123'),('9268','OT','Gillian Hermiston','Gynaecology','asdfghj123'),('9538','OPD','Anita Renner','Pathology','asdfghj123'),('9568','OPD','Crawford Hickle','Pathology','asdfghj123'),('9588','OPD','Elisha Daniel','Radiology','asdfghj123'),('9598','L','Jaylan Bosco','Radiology','asdfghj123'),('9669','L','Prof. Raymundo Beier MD','Pediatrics','asdfghj123'),('123','OPD','Umer','Urology','asdfghj123'),('12345','OPD','Umer','Urology','asdfghj123');
/*!40000 ALTER TABLE `doctor` ENABLE KEYS */;
UNLOCK TABLES;

--
-- Table structure for table `medicine`
--

DROP TABLE IF EXISTS `medicine`;
/*!40101 SET @saved_cs_client     = @@character_set_client */;
/*!50503 SET character_set_client = utf8mb4 */;
CREATE TABLE `medicine` (
  `name` char(50) NOT NULL,
  `cost` int DEFAULT NULL
) ENGINE=InnoDB DEFAULT CHARSET=utf8mb4 COLLATE=utf8mb4_0900_ai_ci;
/*!40101 SET character_set_client = @saved_cs_client */;

--
-- Dumping data for table `medicine`
--

LOCK TABLES `medicine` WRITE;
/*!40000 ALTER TABLE `medicine` DISABLE KEYS */;
INSERT INTO `medicine` VALUES ('Albuterol',1000),('Amlodipine',120),('Atorvastatin',150),('Bupropion',200),('Carvedilol',70),('Escitalopram',590),('Fluoxetine',80),('Fluticasone',70),('Furosemide',150),('Gabapentin',250),('Hydrochlorothiazide',50),('Hydrocodone',750),('Levothyroxine',250),('Lisinopril',300),('Losartan',500),('Metformin',100),('Metoprolol',500),('Montelukast',1000),('Omeprazole',1000),('Pantoprazole',200),('Rosuvastatin',300),('Sertraline',50),('Simvastatin',240),('Tamsulosin',30),('Trazodone',240);
/*!40000 ALTER TABLE `medicine` ENABLE KEYS */;
UNLOCK TABLES;

--
-- Table structure for table `operation`
--

DROP TABLE IF EXISTS `operation`;
/*!40101 SET @saved_cs_client     = @@character_set_client */;
/*!50503 SET character_set_client = utf8mb4 */;
CREATE TABLE `operation` (
  `date` date NOT NULL,
  `time` time NOT NULL,
  `patientID` char(50) NOT NULL,
  `doctorID` char(50) NOT NULL
) ENGINE=InnoDB DEFAULT CHARSET=utf8mb4 COLLATE=utf8mb4_0900_ai_ci;
/*!40101 SET character_set_client = @saved_cs_client */;

--
-- Dumping data for table `operation`
--

LOCK TABLES `operation` WRITE;
/*!40000 ALTER TABLE `operation` DISABLE KEYS */;
INSERT INTO `operation` VALUES ('2022-11-30','19:05:15','1021357','1101\\'),('2022-12-01','12:34:21','1066007','1200\\'),('2022-12-02','13:12:05','1092605','1265\\'),('2022-12-03','15:01:08','1158407','1308\\'),('2022-12-04','00:20:43','1179831','1513\\'),('2022-12-05','04:20:55','1205817','1518\\'),('2022-12-06','20:53:15','1227893','1679\\'),('2022-12-07','07:19:45','1264789','1797\\'),('2022-12-08','07:35:34','1274691','2000\\'),('2022-12-09','07:17:46','1284588','2258\\'),('2022-12-10','21:58:41','1304153','2355\\'),('2022-12-11','19:27:28','1308736','2378\\'),('2022-12-12','17:42:00','1324277','2408\\'),('2022-12-13','21:13:52','1335736','2510\\'),('2022-12-14','08:28:34','1399711','2534\\'),('2022-12-15','19:44:23','1405732','2561\\'),('2022-12-16','10:41:38','1410156','2564\\'),('2022-12-17','05:36:02','1410972','2590\\'),('2022-12-18','23:16:38','1422296','2602\\'),('2022-12-19','11:05:01','1433191','2613\\'),('2022-12-20','03:08:07','1439413','2695\\'),('2022-12-21','06:46:45','1460507','2758\\'),('2022-12-22','14:48:26','1466147','2795\\'),('2022-12-23','10:58:56','1484088','2816\\'),('2022-12-24','18:37:18','1494717','2930\\'),('2022-12-25','20:55:43','1512244','3068\\'),('2022-12-26','13:41:03','1530246','3177\\'),('2022-12-27','04:20:09','1541426','3214\\'),('2022-12-28','11:29:41','1554677','3252\\'),('2022-12-29','10:28:55','1564437','3257\\'),('2022-12-30','11:14:43','1679734','3272\\'),('2022-12-31','04:33:57','1700425','3444\\'),('2023-01-01','11:03:28','1711015','3446\\'),('2023-01-02','02:03:32','1715618','3607\\'),('2023-01-03','05:26:49','1716262','3779\\'),('2023-01-04','07:53:59','1737794','3898\\'),('2023-01-05','14:54:38','1752640','3909\\'),('2023-01-06','13:47:41','1757803','3973\\'),('2023-01-07','07:57:23','1771841','4089\\'),('2023-01-08','16:55:50','1819187','4094\\'),('2023-01-09','01:46:30','1831741','4369\\'),('2023-01-10','15:10:42','1851992','4450\\'),('2023-01-11','12:06:12','1862616','4610\\'),('2023-01-12','16:56:13','1888629','4745\\'),('2023-01-13','20:59:34','1896036','4811\\'),('2023-01-14','03:55:20','1903559','4926\\'),('2023-01-15','10:02:52','1906333','5080\\'),('2023-01-16','18:20:17','1915136','5182\\'),('2023-01-17','16:53:45','1922101','5291\\');
/*!40000 ALTER TABLE `operation` ENABLE KEYS */;
UNLOCK TABLES;

--
-- Table structure for table `pa`
--

DROP TABLE IF EXISTS `pa`;
/*!40101 SET @saved_cs_client     = @@character_set_client */;
/*!50503 SET character_set_client = utf8mb4 */;
CREATE TABLE `pa` (
  `name` char(50) DEFAULT NULL,
  `doctorID` char(50) NOT NULL,
  `password` char(50) DEFAULT '987qwerty'
) ENGINE=InnoDB DEFAULT CHARSET=utf8mb4 COLLATE=utf8mb4_0900_ai_ci;
/*!40101 SET character_set_client = @saved_cs_client */;

--
-- Dumping data for table `pa`
--

LOCK TABLES `pa` WRITE;
/*!40000 ALTER TABLE `pa` DISABLE KEYS */;
INSERT INTO `pa` VALUES ('Camron','1096','987qwerty'),('Angel','1101','987qwerty'),('Allen','1200','987qwerty'),('Kellie','1265','987qwerty'),('Toni','1308','987qwerty'),('Ahmad','1513','987qwerty'),('Barney','1518','987qwerty'),('Astrid','1679','987qwerty'),('Joyce','1797','987qwerty'),('Miller','2000','987qwerty'),('Cale','2258','987qwerty'),('Athena','2355','987qwerty'),('Ed','2378','987qwerty'),('Dana','2408','987qwerty'),('Isidro','2510','987qwerty'),('Camille','2534','987qwerty'),('Brandyn','2561','987qwerty'),('Rodolfo','2564','987qwerty'),('Myrtie','2590','987qwerty'),('Dolores','2602','987qwerty'),('Evangeline','2613','987qwerty'),('Dallas','2695','987qwerty'),('Katrina','2758','987qwerty'),('Emerson','2795','987qwerty'),('Alana','2816','987qwerty'),('Citlalli','2930','987qwerty'),('Lois','3068','987qwerty'),('Lempi','3177','987qwerty'),('Conrad','3214','987qwerty'),('Audrey','3252','987qwerty'),('Elvie','3257','987qwerty'),('Wendy','3272','987qwerty'),('Jayne','3444','987qwerty'),('Irving','3446','987qwerty'),('Mikayla','3607','987qwerty'),('Abigale','3779','987qwerty'),('Conrad','3898','987qwerty'),('Joe','3909','987qwerty'),('Khalid','3973','987qwerty'),('Garrick','4089','987qwerty'),('Kobe','4094','987qwerty'),('Woodrow','4369','987qwerty'),('Ludie','4450','987qwerty'),('Makenna','4610','987qwerty'),('Marvin','4745','987qwerty'),('Desmond','4811','987qwerty'),('Trenton','4926','987qwerty'),('Jean','5080','987qwerty'),('Julie','5182','987qwerty'),('Elda','5291','987qwerty'),('Maryam','5365','987qwerty'),('Arnoldo','5537','987qwerty'),('Tristian','5578','987qwerty'),('Alana','5630','987qwerty'),('Santino','5901','987qwerty'),('Immanuel','6111','987qwerty'),('Myriam','6211','987qwerty'),('Marcellus','6270','987qwerty'),('Destiny','6347','987qwerty'),('Melba','6383','987qwerty'),('Alicia','6386','987qwerty'),('Samara','6635','987qwerty'),('Edison','6642','987qwerty'),('Furman','6669','987qwerty'),('Preston','6677','987qwerty'),('Elise','6914','987qwerty'),('Lucile','6955','987qwerty'),('Miracle','7042','987qwerty'),('Isaiah','7043','987qwerty'),('Amya','7164','987qwerty'),('Lizzie','7190','987qwerty'),('Anya','7221','987qwerty'),('Martin','7446','987qwerty'),('Arely','7489','987qwerty'),('Willie','7535','987qwerty'),('Ted','7569','987qwerty'),('Madilyn','7662','987qwerty'),('Samanta','7677','987qwerty'),('Avery','7739','987qwerty'),('Clinton','7752','987qwerty'),('Jazmin','7758','987qwerty'),('Mariah','7881','987qwerty'),('Birdie','7920','987qwerty'),('Rowan','7979','987qwerty'),('Bernadette','8054','987qwerty'),('Sherwood','8059','987qwerty'),('Gavin','8529','987qwerty'),('Annabell','8551','987qwerty'),('Sam','8612','987qwerty'),('Nikolas','8721','987qwerty'),('Talia','8949','987qwerty'),('Simone','9104','987qwerty'),('Yasmeen','9140','987qwerty'),('Darby','9237','987qwerty'),('Lorena','9268','987qwerty'),('Maddison','9538','987qwerty'),('Avery','9568','987qwerty'),('Rafaela','9588','987qwerty'),('Naomie','9598','987qwerty'),('Otilia','9669','987qwerty');
/*!40000 ALTER TABLE `pa` ENABLE KEYS */;
UNLOCK TABLES;

--
-- Table structure for table `patient`
--

DROP TABLE IF EXISTS `patient`;
/*!40101 SET @saved_cs_client     = @@character_set_client */;
/*!50503 SET character_set_client = utf8mb4 */;
CREATE TABLE `patient` (
  `id` char(50) NOT NULL,
  `name` char(50) NOT NULL,
  `address` char(100) DEFAULT NULL
) ENGINE=InnoDB DEFAULT CHARSET=utf8mb4 COLLATE=utf8mb4_0900_ai_ci;
/*!40101 SET character_set_client = @saved_cs_client */;

--
-- Dumping data for table `patient`
--

LOCK TABLES `patient` WRITE;
/*!40000 ALTER TABLE `patient` DISABLE KEYS */;
INSERT INTO `patient` VALUES ('1014965','Golden','\\N'),('1021357','Silas','\\N'),('1066007','Madisen','\\N'),('1092605','Gia','\\N'),('1158407','Oswald','\\N'),('1179831','Kelvin','\\N'),('1205817','Orie','\\N'),('1227893','Hipolito','\\N'),('1264789','Jared','\\N'),('1274691','Alda','\\N'),('1284588','Wade','\\N'),('1304153','Eulah','\\N'),('1308736','Kaleb','\\N'),('1324277','Garfield','\\N'),('1335736','Ahmed','\\N'),('1399711','Oliver','\\N'),('1405732','Diego','\\N'),('1410156','Alexandrine','\\N'),('1410972','Lila','\\N'),('1422296','Howard','\\N'),('1433191','Jordon','\\N'),('1439413','Antonina','\\N'),('1460507','Nicole','\\N'),('1466147','Melyna','\\N'),('1484088','Kamille','\\N'),('1494717','Alexandria','\\N'),('1512244','Bert','\\N'),('1530246','Moshe','\\N'),('1541426','Tamia','\\N'),('1554677','Alvena','\\N'),('1564437','Wayne','\\N'),('1679734','Gene','\\N'),('1700425','Alejandrin','\\N'),('1711015','Bernice','\\N'),('1715618','Ozella','\\N'),('1716262','Rosina','\\N'),('1737794','Lauretta','\\N'),('1752640','Lazaro','\\N'),('1757803','Violette','\\N'),('1771841','Antoinette','\\N'),('1819187','Douglas','\\N'),('1831741','Filomena','\\N'),('1851992','Eugene','\\N'),('1862616','Wade','\\N'),('1888629','Pierce','\\N'),('1896036','Rodrick','\\N'),('1903559','Shannon','\\N'),('1906333','Holden','\\N'),('1915136','Shaylee','\\N'),('1922101','Brady','\\N'),('2029817','Isabella','\\N'),('2039600','Kara','\\N'),('2050332','Edison','\\N'),('2061835','Marjorie','\\N'),('2066976','Salvatore','\\N'),('2069159','Armand','\\N'),('2074350','Lenore','\\N'),('2083442','Lloyd','\\N'),('2089246','Nikolas','\\N'),('2102583','Vita','\\N'),('2103870','Lela','\\N'),('2115193','Alexis','\\N'),('2143582','Durward','\\N'),('2157848','Garnet','\\N'),('2188767','Hassie','\\N'),('2204979','Hester','\\N'),('2206839','Graciela','\\N'),('2222044','Rollin','\\N'),('2225016','Howard','\\N'),('2229473','Mireille','\\N'),('2258852','Danial','\\N'),('2277746','Buddy','\\N'),('2290046','Ashley','\\N'),('2299089','Arlene','\\N'),('2310464','Lizeth','\\N'),('2333238','Columbus','\\N'),('2341803','Orrin','\\N'),('2365805','Walter','\\N'),('2380844','Everardo','\\N'),('2385698','Harry','\\N'),('2393626','Amina','\\N'),('2446917','Reggie','\\N'),('2465007','Treva','\\N'),('2521738','Wava','\\N'),('2522760','Mitchel','\\N'),('2524757','Louie','\\N'),('2536484','Jeanette','\\N'),('2597808','Giuseppe','\\N'),('2598558','Daija','\\N'),('2603214','Keshawn','\\N'),('2623643','Elliot','\\N'),('2627047','Magdalena','\\N'),('2663230','Trevor','\\N'),('2667780','Sarai','\\N'),('2682417','Wilfrid','\\N'),('2685769','Rosalee','\\N'),('2721260','Ashlee','\\N'),('2739769','Ova','\\N'),('2770622','Clay','\\N'),('2778114','Deon','\\N'),('2784851','Maya','\\N'),('2791302','Annette','\\N'),('2811523','Edward','\\N'),('2813709','Richie','\\N'),('2829976','Alex','\\N'),('2831406','Trinity','\\N'),('2838809','Ariel','\\N'),('2846816','Elta','\\N'),('2871804','Mayra','\\N'),('2902409','Elza','\\N'),('2905079','Karli','\\N'),('2933128','Cade','\\N'),('2970003','Emilio','\\N'),('2984440','Emily','\\N'),('2985330','Aisha','\\N'),('3050137','Kenna','\\N'),('3064265','Darion','\\N'),('3083732','Violette','\\N'),('3093829','Colin','\\N'),('3106675','Julian','\\N'),('3155800','Jorge','\\N'),('3226403','Sadye','\\N'),('3246732','Wilber','\\N'),('3291121','Austyn','\\N'),('3310415','Nya','\\N'),('3357378','Hilario','\\N'),('3371480','Patrick','\\N'),('3378642','Freeda','\\N'),('3379525','Lisandro','\\N'),('3383240','Dejon','\\N'),('3419121','Sasha','\\N'),('3465763','Raegan','\\N'),('3481802','Danielle','\\N'),('3513232','Felipa','\\N'),('3542396','Eino','\\N'),('3550974','Woodrow','\\N'),('3566230','Aniya','\\N'),('3577875','Cecilia','\\N'),('3579914','Cade','\\N'),('3585486','Skylar','\\N'),('3589330','Audreanne','\\N'),('3597742','Mariam','\\N'),('3609286','Eleazar','\\N'),('3611637','Roxane','\\N'),('3621144','Jacques','\\N'),('3628975','Devonte','\\N'),('3632101','Carmen','\\N'),('3638152','Barney','\\N'),('3646624','Kris','\\N'),('3681604','Skyla','\\N'),('3695818','Blake','\\N'),('3732160','Elroy','\\N'),('3741470','Ted','\\N'),('3757462','Humberto','\\N'),('3772389','Carmella','\\N'),('3797057','Citlalli','\\N'),('3829433','Dorothea','\\N'),('3836700','Gene','\\N'),('3840035','Maci','\\N'),('3846364','Gia','\\N'),('3847672','Dayana','\\N'),('3852109','Claud','\\N'),('3871898','Earlene','\\N'),('3885368','Madie','\\N'),('3887091','Monserrate','\\N'),('3898169','Emily','\\N'),('3902621','Eli','\\N'),('3907300','Hayden','\\N'),('3937569','Armando','\\N'),('3947161','Hilton','\\N'),('3953987','Baron','\\N'),('3961578','Onie','\\N'),('4006278','Priscilla','\\N'),('4010803','Lucinda','\\N'),('4023576','Margarette','\\N'),('4081490','Arvel','\\N'),('4126714','Bridgette','\\N'),('4190574','Markus','\\N'),('4198185','Emmitt','\\N'),('4202514','Richmond','\\N'),('4206951','Doug','\\N'),('4207206','Armando','\\N'),('4208631','Elijah','\\N'),('4208796','Clare','\\N'),('4232084','Mohammed','\\N'),('4232092','Keira','\\N'),('4239705','Edna','\\N'),('4259390','Dawson','\\N'),('4265829','Nyasia','\\N'),('4266005','Kennedy','\\N'),('4266640','Mateo','\\N'),('4300889','Fernando','\\N'),('4303699','Luella','\\N'),('4320459','Eli','\\N'),('4384329','Breanne','\\N'),('4388653','Kiera','\\N'),('4422365','Broderick','\\N'),('4422890','Jules','\\N'),('4447116','Declan','\\N'),('4458260','Patsy','\\N'),('4470707','Vernice','\\N'),('4498356','Izaiah','\\N'),('4519426','Gertrude','\\N'),('4554904','Jany','\\N'),('4569619','Billy','\\N'),('4601736','Lilyan','\\N'),('4602192','Kevon','\\N'),('4614652','Dillon','\\N'),('4690699','Cindy','\\N'),('4713338','Bradly','\\N'),('4734313','Maddison','\\N'),('4737063','Alec','\\N'),('4748594','Vern','\\N'),('4828382','Gage','\\N'),('4828496','Alvina','\\N'),('4831552','Modesto','\\N'),('4833550','Franco','\\N'),('4839633','Benton','\\N'),('4876569','Anya','\\N'),('4889331','Floy','\\N'),('4897508','Oliver','\\N'),('4924686','Joana','\\N'),('4962679','Berniece','\\N'),('4989843','Terrell','\\N'),('5001853','Alyson','\\N'),('5002395','Marilie','\\N'),('5012369','Hilario','\\N'),('5016485','Harley','\\N'),('5052707','Jewel','\\N'),('5071677','Donna','\\N'),('5097216','Clovis','\\N'),('5113796','Annamarie','\\N'),('5125661','Calista','\\N'),('5127090','Delmer','\\N'),('5137381','Walker','\\N'),('5186882','Katlyn','\\N'),('5235593','Hazle','\\N'),('5253254','Halle','\\N'),('5273217','Rose','\\N'),('5281589','Alejandrin','\\N'),('5340058','Landen','\\N'),('5344445','Elliot','\\N'),('5345950','Finn','\\N'),('5357880','Shaniya','\\N'),('5364676','Wyman','\\N'),('5420784','Lucious','\\N'),('5431070','Pasquale','\\N'),('5433100','Andreanne','\\N'),('5438130','Ewald','\\N'),('5457023','Yasmin','\\N'),('5476951','Syble','\\N'),('5495082','Waino','\\N'),('5510549','Noemie','\\N'),('5518355','Alberta','\\N'),('5530192','Jacinto','\\N'),('5543237','Ila','\\N'),('5561029','Aidan','\\N'),('5567589','Fletcher','\\N'),('5592213','Clair','\\N'),('5600721','Theresa','\\N'),('5625644','Archibald','\\N'),('5645459','Laurie','\\N'),('5699171','Nia','\\N'),('5701228','Hailie','\\N'),('5722436','Elise','\\N'),('5723448','Bernhard','\\N'),('5726734','Eleonore','\\N'),('5737509','Boyd','\\N'),('5744450','Diana','\\N'),('5749750','Aditya','\\N'),('5755420','Daija','\\N'),('5758753','Rebeka','\\N'),('5794434','Alice','\\N'),('5806432','Maybell','\\N'),('5830591','Jairo','\\N'),('5874871','Manley','\\N'),('5885490','Oliver','\\N'),('5958474','Nikko','\\N'),('5968272','Annabell','\\N'),('5979247','Anthony','\\N'),('6003432','Alexa','\\N'),('6004167','Terrell','\\N'),('6053499','Clark','\\N'),('6095259','Kristoffer','\\N'),('6102385','Estel','\\N'),('6126434','Augusta','\\N'),('6138931','Avis','\\N'),('6174371','Shyann','\\N'),('6192939','Laura','\\N'),('6221011','Electa','\\N'),('6237122','Rozella','\\N'),('6254403','Nelson','\\N'),('6259855','Delphine','\\N'),('6269264','Providenci','\\N'),('6271864','Retha','\\N'),('6278979','Devon','\\N'),('6313966','Diego','\\N'),('6325141','Kaelyn','\\N'),('6327561','Elmo','\\N'),('6331486','Waino','\\N'),('6355792','Bridgette','\\N'),('6368373','Savanna','\\N'),('6380917','Josefina','\\N'),('6383925','Jerrell','\\N'),('6428723','Madisen','\\N'),('6440484','Elaina','\\N'),('6446804','Shakira','\\N'),('6449211','Ibrahim','\\N'),('6497020','Mateo','\\N'),('6503411','Carolyne','\\N'),('6512567','Wilford','\\N'),('6527622','Tina','\\N'),('6534952','Breanne','\\N'),('6539483','Gabriel','\\N'),('6549221','Jamel','\\N'),('6567074','Kaitlyn','\\N'),('6588375','Shannon','\\N'),('6611520','Nash','\\N'),('6626843','Mitchell','\\N'),('6629635','Lavina','\\N'),('6655766','Katheryn','\\N'),('6686306','Carolyn','\\N'),('6686682','Lulu','\\N'),('6690284','Mollie','\\N'),('6706380','Trent','\\N'),('6724598','Clarabelle','\\N'),('6726064','Lennie','\\N'),('6775183','Houston','\\N'),('6784648','Ewell','\\N'),('6793720','Devonte','\\N'),('6842512','Brady','\\N'),('6845504','Ilene','\\N'),('6907904','Penelope','\\N'),('6914121','Twila','\\N'),('6938080','Veda','\\N'),('6988778','Raphaelle','\\N'),('7015508','Granville','\\N'),('7068168','Gillian','\\N'),('7082475','Giovanni','\\N'),('7089942','Kavon','\\N'),('7110986','Madalyn','\\N'),('7123555','Alena','\\N'),('7144353','Camryn','\\N'),('7181671','Wilfredo','\\N'),('7261804','Columbus','\\N'),('7282898','Pasquale','\\N'),('7310377','Kendrick','\\N'),('7316255','Pierce','\\N'),('7340395','Amie','\\N'),('7365690','Cecile','\\N'),('7367250','Cameron','\\N'),('7412387','Jettie','\\N'),('7412677','Roel','\\N'),('7423338','Laurine','\\N'),('7426105','Oscar','\\N'),('7431438','Retta','\\N'),('7447288','Ayana','\\N'),('7477750','Arielle','\\N'),('7501961','Amir','\\N'),('7505862','Sam','\\N'),('7542072','Rhett','\\N'),('7547686','Tyra','\\N'),('7560635','Savannah','\\N'),('7599241','Ruthie','\\N'),('7631174','Maximus','\\N'),('7639780','Calista','\\N'),('7663640','Kitty','\\N'),('7686132','Oleta','\\N'),('7713709','Dejon','\\N'),('7720644','Dana','\\N'),('7753910','Adela','\\N'),('7776547','Jana','\\N'),('7779906','Trent','\\N'),('7805640','Loraine','\\N'),('7817021','Elian','\\N'),('7819101','Citlalli','\\N'),('7824883','Dewayne','\\N'),('7857356','May','\\N'),('7888765','Elenor','\\N'),('7895368','Tyshawn','\\N'),('7916036','Malika','\\N'),('7966927','Mack','\\N'),('7981811','Bennett','\\N'),('8031218','Rickie','\\N'),('8060041','Frederik','\\N'),('8060561','Angel','\\N'),('8113783','Joanny','\\N'),('8121032','Kamryn','\\N'),('8137765','Ambrose','\\N'),('8139573','Reid','\\N'),('8145669','Jazlyn','\\N'),('8185311','Brenna','\\N'),('8194456','Alvera','\\N'),('8212747','Henderson','\\N'),('8224171','Levi','\\N'),('8229504','Oleta','\\N'),('8255094','Waldo','\\N'),('8268175','Garland','\\N'),('8275726','General','\\N'),('8326995','Destinee','\\N'),('8329474','Norbert','\\N'),('8382801','Sanford','\\N'),('8410375','Lelah','\\N'),('8468214','Solon','\\N'),('8468734','Mariah','\\N'),('8492007','Karelle','\\N'),('8507240','Vincent','\\N'),('8523700','Erling','\\N'),('8529998','Arjun','\\N'),('8534299','Meghan','\\N'),('8554445','Donato','\\N'),('8560002','Estevan','\\N'),('8572395','Gene','\\N'),('8588923','Reymundo','\\N'),('8598182','Einar','\\N'),('8632528','Cecile','\\N'),('8644019','Darrel','\\N'),('8652184','Misty','\\N'),('8658294','Evan','\\N'),('8681602','Candido','\\N'),('8715836','Brook','\\N'),('8716728','Ceasar','\\N'),('8727860','Skylar','\\N'),('8738011','Petra','\\N'),('8740688','Minnie','\\N'),('8741792','Darryl','\\N'),('8752865','Korbin','\\N'),('8763473','Isai','\\N'),('8804072','Rosanna','\\N'),('8811650','Clark','\\N'),('8846737','Norris','\\N'),('8862688','Keshawn','\\N'),('8864021','Jayda','\\N'),('8899927','Krystal','\\N'),('8914373','Angelina','\\N'),('8923753','Miles','\\N'),('8947155','Bill','\\N'),('8950827','Danika','\\N'),('8957230','Alf','\\N'),('8995708','Euna','\\N'),('9013420','Carley','\\N'),('9050883','Natalie','\\N'),('9065667','Macie','\\N'),('9068716','Dessie','\\N'),('9103036','Bella','\\N'),('9120071','Nathanael','\\N'),('9120122','Thad','\\N'),('9132116','Roxane','\\N'),('9139017','Rashawn','\\N'),('9147787','Hannah','\\N'),('9149465','Osvaldo','\\N'),('9152878','Enos','\\N'),('9164236','Ardella','\\N'),('9166680','Moshe','\\N'),('9215686','Alexys','\\N'),('9230879','Ralph','\\N'),('9293923','Talia','\\N'),('9294107','Felicity','\\N'),('9322509','Rashad','\\N'),('9346404','Cielo','\\N'),('9348408','Madalyn','\\N'),('9362291','Jaydon','\\N'),('9404078','Sarina','\\N'),('9432623','Eva','\\N'),('9439109','Russ','\\N'),('9469756','Zula','\\N'),('9486290','Briana','\\N'),('9495903','Renee','\\N'),('9501522','Adrianna','\\N'),('9512246','Laverna','\\N'),('9529818','Richmond','\\N'),('9541325','Winston','\\N'),('9549459','Laurie','\\N'),('9568997','Rupert','\\N'),('9570480','Madyson','\\N'),('9581160','Hilbert','\\N'),('9586164','Florence','\\N'),('9616454','Alan','\\N'),('9626284','Stephania','\\N'),('9645239','Sandra','\\N'),('9645257','Magdalena','\\N'),('9657880','Dee','\\N'),('9679534','Paul','\\N'),('9681675','Bert','\\N'),('9691822','Viola','\\N'),('9718210','Gaylord','\\N'),('9719900','Jovanny','\\N'),('9724257','Eleonore','\\N'),('9730425','Brandyn','\\N'),('9744265','Floy','\\N'),('9745687','Frank','\\N'),('9796282','Hulda','\\N'),('9839303','Amelia','\\N'),('9845530','Leone','\\N'),('9851098','Ahmed','\\N'),('9876817','Lois','\\N'),('9905348','Ramon','\\N'),('9947092','Daija','\\N'),('9959164','Donnell','\\N'),('9997266','Lila','\\N'),('1234123','Nigg','\\N'),('Abdielstad',' NH 40452-1044\"','\\N'),('Adrianamouth',' DE 05164\"','\\N'),('Adriannamouth',' CO 54908-9607\"','\\N'),('Adriannaville',' SD 85721\"','\\N'),('Aidanview',' AK 29148\"','\\N'),('Alejandraview',' NM 74512-9647\"','\\N'),('Alexandremouth',' WY 84781\"','\\N'),('Allanfurt',' GA 83625\"','\\N'),('Altenwerthshire',' KS 20492-9447\"','\\N'),('Amandachester',' AL 82028\"','\\N'),('Anthonyland',' ME 58233\"','\\N'),('Antwanmouth',' IN 92319\"','\\N'),('Antwonburgh',' OK 84396-1332\"','\\N'),('Armstrongshire',' GA 13443-2468\"','\\N'),('Arnoborough',' NJ 21001\"','\\N'),('Ashlynnfort',' VT 92793-5523\"','\\N'),('Augustachester',' NE 56091\"','\\N'),('Avamouth',' ND 56077-2735\"','\\N'),('Aylaport',' OR 82592-5734\"','\\N'),('Baileyborough',' MA 57036\"','\\N'),('Barbaramouth',' MT 04737-9869\"','\\N'),('Bartellbury',' MA 67657\"','\\N'),('Beahanside',' GA 21233-2939\"','\\N'),('Beierburgh',' IL 73810-6475\"','\\N'),('Bertberg',' DC 85613-7270\"','\\N'),('Beverlymouth',' NM 81779-9501\"','\\N'),('Bodefort',' KY 05303-2335\"','\\N'),('Breitenbergport',' NE 05691\"','\\N'),('Breitenbergville',' AK 45770\"','\\N'),('Bridieport',' LA 66806\"','\\N'),('Burleyside',' WI 38223-8662\"','\\N'),('Calebtown',' CA 03985-4546\"','\\N'),('Carmelachester',' MO 96362-1166\"','\\N'),('Cartwrightchester',' DC 67713\"','\\N'),('Cassinland',' MD 72901-9274\"','\\N'),('Caylafort',' IL 59019-4038\"','\\N'),('Chloeside',' VT 66917\"','\\N'),('Claudinestad',' NV 06863-4148\"','\\N'),('Coleport',' ND 77396\"','\\N'),('Corbinmouth',' SD 01369-0373\"','\\N'),('Corkeryshire',' WV 98802\"','\\N'),('Cortneyland',' VT 37777-4966\"','\\N'),('Creminville',' HI 61461\"','\\N'),('Damionberg',' DC 40613-4880\"','\\N'),('Dariusmouth',' MA 98319-0988\"','\\N'),('Daughertyside',' NJ 59114-6149\"','\\N'),('Daynetown',' SD 25360\"','\\N'),('Deanview',' IN 11468\"','\\N'),('Dejaburgh',' FL 71812-1458\"','\\N'),('Devenchester',' WY 04260\"','\\N'),('Dickiberg',' NC 49304-2332\"','\\N'),('Dickinsonburgh',' FL 30091\"','\\N'),('Dorianchester',' MA 88820\"','\\N'),('Doylestad',' NH 41316\"','\\N'),('East Adriel',' AZ 50868\"','\\N'),('East Arjunstad',' AK 94203-8798\"','\\N'),('East Bailee',' KY 14284\"','\\N'),('East Bernadine',' MA 54337\"','\\N'),('East Bernard',' IA 59831-8182\"','\\N'),('East Bernita',' ND 83250\"','\\N'),('East Blanche',' LA 58004\"','\\N'),('East Bradenland',' TX 36304-4701\"','\\N'),('East Briana',' AZ 48026-9155\"','\\N'),('East Cletus',' DE 26887-5871\"','\\N'),('East Colten',' MD 58627-6584\"','\\N'),('East Crystel',' VT 57555-8423\"','\\N'),('East Dalefort',' TX 72466-7515\"','\\N'),('East Darion',' NV 09882\"','\\N'),('East Destin',' CT 14827\"','\\N'),('East Dolly',' MA 34812\"','\\N'),('East Elainaport',' MI 81337\"','\\N'),('East Emorymouth',' MA 55546-5380\"','\\N'),('East Erickaberg',' ME 45689-6576\"','\\N'),('East Esmeralda',' MA 67561-4075\"','\\N'),('East Evelynland',' SD 09582\"','\\N'),('East Fosterfurt',' IN 55637\"','\\N'),('East Francisca',' WA 57843\"','\\N'),('East Grayceshire',' MI 11787\"','\\N'),('East Helena',' MI 74666-8987\"','\\N'),('East Hortense',' RI 42240-4021\"','\\N'),('East Jaylonshire',' FL 56529-0543\"','\\N'),('East Jett',' AZ 45125\"','\\N'),('East Joanneport',' NH 75529-6166\"','\\N'),('East Kearastad',' NE 34828-8774\"','\\N'),('East Korbinberg',' WY 82911\"','\\N'),('East Leannborough',' PA 31412\"','\\N'),('East Loisstad',' TN 89155-4868\"','\\N'),('East Lorenzo',' OR 53607\"','\\N'),('East Meda',' KY 32032\"','\\N'),('East Meganeview',' LA 67324-4520\"','\\N'),('East Milfordhaven',' NV 38575\"','\\N'),('East Nikostad',' IA 20136\"','\\N'),('East Octaviaside',' VT 75484\"','\\N'),('East Olachester',' OK 77394\"','\\N'),('East Owen',' NJ 70238\"','\\N'),('East Patview',' MS 53943-1919\"','\\N'),('East Rafaelaville',' NV 36572\"','\\N'),('East Rashadshire',' IN 56399\"','\\N'),('East Ron',' NM 87689-1957\"','\\N'),('East Rossieland',' FL 65921\"','\\N'),('East Roytown',' NE 25539\"','\\N'),('East Samantha',' KS 15440-1755\"','\\N'),('East Torey',' WY 32420\"','\\N'),('East Ursulamouth',' NH 19212\"','\\N'),('East Valentinton',' KY 82178-8165\"','\\N'),('East Veronamouth',' HI 85723-0344\"','\\N'),('East Wainobury',' KY 92996\"','\\N'),('Edenhaven',' TN 88929-3189\"','\\N'),('Edgardofort',' MS 20875\"','\\N'),('Edythstad',' AZ 67715-4630\"','\\N'),('Effertzport',' IN 78097-4367\"','\\N'),('Ellsworthburgh',' TN 98407-7122\"','\\N'),('Elnaview',' IL 58565\"','\\N'),('Elwinborough',' WI 04775\"','\\N'),('Erikaburgh',' GA 63486\"','\\N'),('Ernsermouth',' OR 90263-3501\"','\\N'),('Evaview',' IN 97330\"','\\N'),('Fadelshire',' MS 86041-2257\"','\\N'),('Freidafort',' VA 42675\"','\\N'),('Gabrielton',' UT 32296\"','\\N'),('Geovannychester',' OR 05031\"','\\N'),('Giovaniborough',' IL 80650\"','\\N'),('Goldaside',' KS 09090\"','\\N'),('Goldnermouth',' NJ 11639-4679\"','\\N'),('Gottliebstad',' AK 80352\"','\\N'),('Hagenesview',' NC 61429-7979\"','\\N'),('Hamillfort',' SC 72753\"','\\N'),('Hamillside',' AR 84868\"','\\N'),('Harmonystad',' WA 08292\"','\\N'),('Hermannfurt',' TX 06003-0383\"','\\N'),('Hertaview',' DC 64433-4183\"','\\N'),('Hintzburgh',' MN 28294-3890\"','\\N'),('Hoegerbury',' GA 22780\"','\\N'),('Homenickview',' IA 87171\"','\\N'),('Hortenseborough',' KS 33088\"','\\N'),('Houstonmouth',' SC 67466-1302\"','\\N'),('Ianland',' FL 89333\"','\\N'),('Jadenmouth',' CO 38625\"','\\N'),('Jairomouth',' OR 96421-6545\"','\\N'),('Janiyashire',' OR 52931\"','\\N'),('Jastshire',' MS 77408\"','\\N'),('Jaydentown',' VT 47701-5103\"','\\N'),('Jaymeton',' RI 43649\"','\\N'),('Jedediahbury',' UT 72789\"','\\N'),('Jerdefurt',' WA 95828-3090\"','\\N'),('Jessikaberg',' KY 94515-5355\"','\\N'),('Jessikaport',' ME 94541-8769\"','\\N'),('Johannbury',' MT 89970-5780\"','\\N'),('Johnnieshire',' CO 97462-0985\"','\\N'),('Johnsonview',' ND 37149-7187\"','\\N'),('Johnsonville',' TX 39037-7732\"','\\N'),('Julienland',' NH 90947\"','\\N'),('Kassulkestad',' VA 02934\"','\\N'),('Katelyntown',' WI 80762-1463\"','\\N'),('Kautzerburgh',' KY 66381-0741\"','\\N'),('Kavonland',' CA 21389-4878\"','\\N'),('Kennachester',' CA 30401-6033\"','\\N'),('Konopelskiview',' KY 22840\"','\\N'),('Kossstad',' SC 37760-1352\"','\\N'),('Kovacekbury',' IL 08361\"','\\N'),('Kovacekville',' OH 19171\"','\\N'),('Kreigerborough',' NM 21719\"','\\N'),('Kshlerinshire',' AL 08059-7976\"','\\N'),('Kundestad',' NM 11878-1995\"','\\N'),('Kuphalton',' NM 87823\"','\\N'),('Kutchland',' ND 64472\"','\\N'),('Lake Adeleton',' OH 01352\"','\\N'),('Lake Angela',' MO 96721-1889\"','\\N'),('Lake Augusta',' KY 72830\"','\\N'),('Lake Barney',' WI 10726\"','\\N'),('Lake Bernardo',' LA 77652-1696\"','\\N'),('Lake Briachester',' KY 31086\"','\\N'),('Lake Chaz',' HI 00449\"','\\N'),('Lake Creola',' NC 65433\"','\\N'),('Lake Dixie',' NY 95218\"','\\N'),('Lake Earnestmouth',' MD 29674-0868\"','\\N'),('Lake Flostad',' SD 67646\"','\\N'),('Lake Geoffrey',' WI 76138-6297\"','\\N'),('Lake Herminia',' NM 11894\"','\\N'),('Lake Ima',' AR 74619\"','\\N'),('Lake Jayne',' IL 71790-2425\"','\\N'),('Lake Joanne',' ID 48268-0567\"','\\N'),('Lake Joeychester',' ME 33044-0731\"','\\N'),('Lake Johnny',' NM 35020-1569\"','\\N'),('Lake Kaela',' IL 49561-6370\"','\\N'),('Lake Kaylin',' DC 22511-5770\"','\\N'),('Lake Kenyatta',' LA 21464\"','\\N'),('Lake Kevonstad',' MN 05159\"','\\N'),('Lake Makennamouth',' IA 61068-3034\"','\\N'),('Lake Marguerite',' MA 73554\"','\\N'),('Lake Miaview',' ND 29643-4252\"','\\N'),('Lake Nettiefort',' AZ 11805\"','\\N'),('Lake Paolo',' ND 66817-8237\"','\\N'),('Lake Shanelleburgh',' DC 09500\"','\\N'),('Lake Sophiaville',' MN 50637\"','\\N'),('Lake Toni',' SC 58193\"','\\N'),('Lake Ulices',' MS 73091-8460\"','\\N'),('Lake Yasmineport',' CA 71268\"','\\N'),('Lakinshire',' SD 79248\"','\\N'),('Langoshfort',' ND 16489-2210\"','\\N'),('Langstad',' DC 02022-9963\"','\\N'),('Larkinmouth',' TX 76092-4465\"','\\N'),('Laronview',' OR 83903-5498\"','\\N'),('Laurenmouth',' AZ 52003\"','\\N'),('Laurybury',' NH 83331-5242\"','\\N'),('Leannonside',' FL 37002-5022\"','\\N'),('Legrosmouth',' WI 64513-9468\"','\\N'),('Legrostown',' DC 59147\"','\\N'),('Lehnershire',' FL 53050-2649\"','\\N'),('Lennaside',' IA 57850-0459\"','\\N'),('Louieport',' CA 88877-0825\"','\\N'),('Lourdesbury',' KY 34330\"','\\N'),('Lucasland',' ID 24777-5718\"','\\N'),('Ludieborough',' NE 21132\"','\\N'),('Luettgenfurt',' UT 11534-3556\"','\\N'),('Maceyburgh',' KS 98984-5239\"','\\N'),('Maddisonfurt',' AK 57812\"','\\N'),('Madgeshire',' CA 78290-4153\"','\\N'),('Margarettamouth',' DE 63954-3859\"','\\N'),('Marilouton',' MI 63142-2790\"','\\N'),('Marisaville',' DE 02627\"','\\N'),('Marleneshire',' FL 96635\"','\\N'),('Marvinmouth',' OR 53831-7551\"','\\N'),('Mattton',' NJ 86203-0732\"','\\N'),('Maxieport',' WA 05101\"','\\N'),('McKenzieburgh',' IL 13794\"','\\N'),('McKenzieport',' OH 01318\"','\\N'),('McLaughlinton',' MA 72498-7447\"','\\N'),('Medhursthaven',' NJ 73474\"','\\N'),('Micaelaberg',' GA 38409-7016\"','\\N'),('Michelleshire',' SC 55269-1924\"','\\N'),('Milesberg',' AZ 81944-1423\"','\\N'),('Mitchellmouth',' AZ 53381-4472\"','\\N'),('Mohrville',' WA 04830\"','\\N'),('Montestad',' DC 85812\"','\\N'),('Morarville',' NJ 83776-3334\"','\\N'),('Mosciskitown',' WV 28375\"','\\N'),('Myratown',' KS 61364\"','\\N'),('Nayelishire',' KY 87332-9548\"','\\N'),('Nevafurt',' KY 94117-4782\"','\\N'),('New Arihaven',' AZ 40396-9196\"','\\N'),('New Blairmouth',' MT 97241-1525\"','\\N'),('New Camden',' OK 94747-1545\"','\\N'),('New Cameronshire',' SC 29094\"','\\N'),('New Derekmouth',' WA 00284-0774\"','\\N'),('New Dorian',' MI 13367\"','\\N'),('New Eleazarchester',' WV 60587\"','\\N'),('New Franzland',' AK 58358\"','\\N'),('New Gaston',' AL 55643-7639\"','\\N'),('New Hudsonton',' SC 61144-5600\"','\\N'),('New Isabell',' ID 63917\"','\\N'),('New Jayme',' MA 61400\"','\\N'),('New Jess',' MT 23367-6039\"','\\N'),('New Joestad',' CO 64884\"','\\N'),('New Julienland',' WA 19828-4692\"','\\N'),('New Justonburgh',' OK 20223-8236\"','\\N'),('New Kaelynburgh',' AL 10194\"','\\N'),('New Kristianfort',' WA 45189-7798\"','\\N'),('New Litzy',' VT 19925\"','\\N'),('New Luestad',' OH 77901-5397\"','\\N'),('New Lyla',' MA 34471-7522\"','\\N'),('New Marleeburgh',' OR 20277-9455\"','\\N'),('New Maryamland',' NJ 18923\"','\\N'),('New Mercedesport',' VA 96793-4927\"','\\N'),('New Mozell',' UT 35433\"','\\N'),('New Rosanna',' GA 94540\"','\\N'),('New Saul',' MT 17206-0865\"','\\N'),('New Silas',' DC 81186\"','\\N'),('New Taya',' UT 86368-9898\"','\\N'),('New Tracey',' AK 02377\"','\\N'),('New Zanderfort',' SD 08308-8804\"','\\N'),('Nikolausmouth',' UT 82796-3600\"','\\N'),('Nolanshire',' AZ 57000\"','\\N'),('North Aldaton',' ID 55475\"','\\N'),('North Angeline',' OK 01388-7448\"','\\N'),('North Chaz',' WY 40235-8823\"','\\N'),('North Christina',' CA 04450\"','\\N'),('North Edwardfort',' AL 69585-2986\"','\\N'),('North Enochtown',' CO 60932\"','\\N'),('North Fernando',' FL 61880\"','\\N'),('North Gunnermouth',' NY 42409\"','\\N'),('North Jacky',' MO 61350\"','\\N'),('North Jacquestown',' LA 70914-3023\"','\\N'),('North Jenifer',' WV 99972-6111\"','\\N'),('North Jesus',' IA 11212\"','\\N'),('North Joana',' OH 15395-6022\"','\\N'),('North Juvenalside',' OK 65359\"','\\N'),('North Kay',' WI 51449-7621\"','\\N'),('North Leilaburgh',' AL 68821-7749\"','\\N'),('North Magnusland',' LA 17855\"','\\N'),('North Margaretteton',' MN 22145\"','\\N'),('North Melissamouth',' MA 13594\"','\\N'),('North Nayeliborough',' WA 07723\"','\\N'),('North Nelda',' MO 46862\"','\\N'),('North Ottobury',' DE 88150-7415\"','\\N'),('North Serena',' NC 19861\"','\\N'),('North Tiannaville',' PA 72151\"','\\N'),('North Timmy',' OK 11639-2100\"','\\N'),('North Tracy',' DE 59711-3163\"','\\N'),('North Vellaville',' IL 14297\"','\\N'),('O\'Connellhaven',' WY 04961\"','\\N'),('O\'Konberg',' VT 46561\"','\\N'),('O\'Konview',' LA 37644\"','\\N'),('O\'Reillyfort',' NV 93736-4881\"','\\N'),('Okunevahaven',' MI 04981\"','\\N'),('Orlandstad',' FL 42596-8394\"','\\N'),('Parisianchester',' IN 25114-7870\"','\\N'),('Pasqualeton',' NH 81756\"','\\N'),('Peytontown',' MS 32349\"','\\N'),('Port Arne',' TX 21318-5933\"','\\N'),('Port Camillebury',' MA 60125-5376\"','\\N'),('Port Candelario',' LA 16719\"','\\N'),('Port Candelariofort',' NV 36460-1053\"','\\N'),('Port Christophershire',' AL 68463-4341\"','\\N'),('Port Daisha',' AR 05469-1736\"','\\N'),('Port Emeryfort',' AZ 18350\"','\\N'),('Port Eric',' ME 21931\"','\\N'),('Port Fidelstad',' WA 64919-8674\"','\\N'),('Port Florine',' IL 73490\"','\\N'),('Port Garettside',' WA 39506\"','\\N'),('Port Hadleyburgh',' NV 42963\"','\\N'),('Port Hayley',' MD 63320\"','\\N'),('Port Jarodtown',' WV 88426-4118\"','\\N'),('Port Jaylenton',' CT 12741-6180\"','\\N'),('Port Jevon',' LA 37459-5417\"','\\N'),('Port Kacimouth',' UT 51863\"','\\N'),('Port Kathleen',' DE 45884-1743\"','\\N'),('Port Lexiton',' CO 70239\"','\\N'),('Port Lilianmouth',' WY 11194-8753\"','\\N'),('Port Lonie',' SD 52402\"','\\N'),('Port Lottie',' UT 67120-7108\"','\\N'),('Port Louveniatown',' UT 08083\"','\\N'),('Port Martineview',' WY 72792\"','\\N'),('Port Micheleberg',' OR 76304\"','\\N'),('Port Miguel',' ND 37106\"','\\N'),('Port Myra',' MD 14923-0546\"','\\N'),('Port Nevaside',' TX 43040-3007\"','\\N'),('Port Oletafort',' MI 48837\"','\\N'),('Port Pamela',' FL 42166\"','\\N'),('Port Peter',' DE 34322-1139\"','\\N'),('Port Preciousside',' ND 84823-1318\"','\\N'),('Port Reneeland',' FL 28268-4577\"','\\N'),('Port Rogelio',' WA 94637\"','\\N'),('Port Shakiraburgh',' MI 06210-6069\"','\\N'),('Port Sunny',' GA 87641\"','\\N'),('Port Tavaresshire',' TX 24031\"','\\N'),('Port Tracybury',' AL 70868\"','\\N'),('Port Zoeyton',' TX 44973-9495\"','\\N'),('Prohaskachester',' MT 48985-1571\"','\\N'),('Raphaelshire',' NJ 04961-5914\"','\\N'),('Reeceport',' TX 53116\"','\\N'),('Reichelview',' NE 26346-8152\"','\\N'),('Reillyfort',' OH 94782\"','\\N'),('Reingerhaven',' RI 84351-4533\"','\\N'),('Rempelbury',' ME 50937\"','\\N'),('Ressietown',' OK 03944-1005\"','\\N'),('Rexborough',' FL 81820-2520\"','\\N'),('Riceberg',' WV 71401\"','\\N'),('Rippinshire',' AZ 94823-7172\"','\\N'),('Rohanburgh',' IL 54168\"','\\N'),('Rohanton',' MA 49328\"','\\N'),('Rosalynshire',' MI 20140\"','\\N'),('Rosendoshire',' LA 61551-4035\"','\\N'),('Runteville',' NJ 77697\"','\\N'),('Rutherfordshire',' CT 77192\"','\\N'),('Ryanfort',' WA 69636\"','\\N'),('Santinabury',' HI 26559\"','\\N'),('Schadenburgh',' ID 39498-5001\"','\\N'),('Schulistbury',' KY 72860\"','\\N'),('Schummshire',' NH 92371-0438\"','\\N'),('Scotborough',' MD 43523\"','\\N'),('Sengerchester',' CT 32795\"','\\N'),('Shieldsside',' WV 06399-6113\"','\\N'),('Simside',' IL 18042\"','\\N'),('South Adrianna',' WI 71970-9604\"','\\N'),('South Agustina',' MA 68061-2953\"','\\N'),('South Amandaton',' OH 77171\"','\\N'),('South Antonette',' WY 65066-7397\"','\\N'),('South Ashley',' IA 26394-7446\"','\\N'),('South Bernardobury',' AZ 98815-5951\"','\\N'),('South Bryce',' NM 79484-4176\"','\\N'),('South Camryn',' CO 59704\"','\\N'),('South Cecilia',' IL 57197\"','\\N'),('South Christ',' NY 11211\"','\\N'),('South Coby',' NJ 89753-4542\"','\\N'),('South Coramouth',' WA 69572-4385\"','\\N'),('South Cordieside',' MS 20976-4193\"','\\N'),('South Davion',' NJ 36166-4304\"','\\N'),('South Dylan',' VT 30387\"','\\N'),('South Edison',' MO 03104\"','\\N'),('South Elvera',' GA 96530-6956\"','\\N'),('South Emiliafurt',' PA 96010\"','\\N'),('South Giovanniberg',' VT 26988-3220\"','\\N'),('South Hortense',' KS 79935-0010\"','\\N'),('South Houston',' RI 77884-0696\"','\\N'),('South Ivahmouth',' MN 69253\"','\\N'),('South Jarvisfurt',' TN 76869\"','\\N'),('South Jerod',' WA 25098\"','\\N'),('South Johann',' ID 58410\"','\\N'),('South Johanna',' ND 81993\"','\\N'),('South Katelinton',' HI 12997-4160\"','\\N'),('South Lottie',' TX 42778-5972\"','\\N'),('South Marleefurt',' WI 39621\"','\\N'),('South Micaelaview',' TX 99924\"','\\N'),('South Montyview',' CT 35384\"','\\N'),('South Percy',' MO 16016-2970\"','\\N'),('South Preciousside',' NJ 93913-7527\"','\\N'),('South Rachael',' TN 39246-1428\"','\\N'),('South Samson',' IN 00695\"','\\N'),('South Shemarside',' LA 51820\"','\\N'),('South Suzannehaven',' WV 24490-8329\"','\\N'),('South Sylvestermouth',' HI 21304-8352\"','\\N'),('South Tillman',' CT 87107-4174\"','\\N'),('South Willard',' AZ 30410-9095\"','\\N'),('Spencerland',' SD 21872-1674\"','\\N'),('Stammview',' TX 83778\"','\\N'),('Stantontown',' KS 75959-0167\"','\\N'),('Starkfurt',' UT 12888-4270\"','\\N'),('Stehrport',' WY 18554-8192\"','\\N'),('Stehrstad',' VA 32191-7495\"','\\N'),('Stokesville',' KY 55201-5132\"','\\N'),('Strackeborough',' NH 44669\"','\\N'),('Tamiamouth',' LA 53482-8294\"','\\N'),('Terryhaven',' KY 23623\"','\\N'),('Thielchester',' VA 34234\"','\\N'),('Titusville',' NV 55816-0589\"','\\N'),('Toyfurt',' NV 83729\"','\\N'),('Tremaineborough',' VT 92410-3634\"','\\N'),('Tremblaychester',' OR 54145\"','\\N'),('Turnerchester',' AR 65924\"','\\N'),('Ubaldobury',' NC 64706\"','\\N'),('Ullrichside',' OK 17770-0592\"','\\N'),('Uriahside',' RI 71546\"','\\N'),('Ursulastad',' MO 98198\"','\\N'),('Venaborough',' ME 34993\"','\\N'),('Veumbury',' FL 63140\"','\\N'),('Veumstad',' NJ 19000\"','\\N'),('Vladimirstad',' MS 92760\"','\\N'),('VonRuedenmouth',' UT 14326-9323\"','\\N'),('Waelchihaven',' NV 84188-3424\"','\\N'),('Walkerside',' NE 90748-4710\"','\\N'),('Walterport',' IA 42138-3693\"','\\N'),('Wayneshire',' NV 56079\"','\\N'),('Weberport',' NY 89022-4561\"','\\N'),('Weberville',' MS 92113\"','\\N'),('Weimannmouth',' CA 27907\"','\\N'),('West Aleen',' NJ 74039-9349\"','\\N'),('West Alvena',' NM 65162-1838\"','\\N'),('West Alvera',' TN 37529-2573\"','\\N'),('West Bernardmouth',' OK 35692\"','\\N'),('West Bettye',' SC 91048-2947\"','\\N'),('West Billie',' WA 26589-4040\"','\\N'),('West Caterina',' IN 14520-3029\"','\\N'),('West Cathryn',' IN 99876\"','\\N'),('West Christophe',' MN 31516-2394\"','\\N'),('West Colinborough',' MO 48615-6009\"','\\N'),('West Creola',' ND 50202-0567\"','\\N'),('West Dariana',' MN 45091\"','\\N'),('West Emory',' CT 22261-1548\"','\\N'),('West Garnettmouth',' LA 78737\"','\\N'),('West Heleneview',' DC 89712\"','\\N'),('West Herman',' FL 10358-4024\"','\\N'),('West Jackelinestad',' DC 26790-8075\"','\\N'),('West Jamar',' OH 51859\"','\\N'),('West Jayde',' IN 08945-4505\"','\\N'),('West Jeffmouth',' WY 28859\"','\\N'),('West Jennie',' AZ 06717-0430\"','\\N'),('West Jennyferborough',' WA 03470\"','\\N'),('West Jonathon',' GA 78987-2910\"','\\N'),('West Julius',' AR 14770\"','\\N'),('West Kelsie',' DE 95194-0589\"','\\N'),('West Kelvin',' FL 39067-8704\"','\\N'),('West Khalidtown',' AK 99858\"','\\N'),('West Kyleport',' MN 69714\"','\\N'),('West Lelah',' AR 42634-5949\"','\\N'),('West Moniquemouth',' OK 61474-6392\"','\\N'),('West Morgan',' MT 99756-5010\"','\\N'),('West Noemi',' LA 12121\"','\\N'),('West Opal',' FL 81798-0565\"','\\N'),('West Pedrohaven',' GA 06229-8346\"','\\N'),('West Pete',' MA 49278\"','\\N'),('West Raheemfurt',' ME 74805-5904\"','\\N'),('West Ralph',' DE 90186-5697\"','\\N'),('West Rita',' IA 01004\"','\\N'),('West Sabrynafort',' ND 86365\"','\\N'),('West Shanny',' CT 51767\"','\\N'),('West Sydneyside',' AR 09990-5079\"','\\N'),('West Vadahaven',' IA 40683\"','\\N'),('Whitneyburgh',' RI 90353\"','\\N'),('Willmstown',' GA 83403\"','\\N'),('Wittingtown',' MO 53774-5297\"','\\N'),('Wolfborough',' FL 33469\"','\\N'),('Wolffborough',' MT 71996\"','\\N'),('Wuckertshire',' IN 78089-7574\"','\\N'),('Yasminside',' OR 52229-4630\"','\\N'),('Yazminhaven',' IA 29506\"','\\N'),('Zackarybury',' AL 56908-9582\"','\\N'),('Zoeville',' GA 39107\"','\\N'),('Zolabury',' SD 14472-6865\"','\\N'),('Zulauffurt',' NY 46337-6131\"','\\N');
/*!40000 ALTER TABLE `patient` ENABLE KEYS */;
UNLOCK TABLES;

--
-- Table structure for table `patientdata`
--

DROP TABLE IF EXISTS `patientdata`;
/*!40101 SET @saved_cs_client     = @@character_set_client */;
/*!50503 SET character_set_client = utf8mb4 */;
CREATE TABLE `patientdata` (
  `patientID` char(50) NOT NULL,
  `prescriptionID` char(50) NOT NULL
) ENGINE=InnoDB DEFAULT CHARSET=utf8mb4 COLLATE=utf8mb4_0900_ai_ci;
/*!40101 SET character_set_client = @saved_cs_client */;

--
-- Dumping data for table `patientdata`
--

LOCK TABLES `patientdata` WRITE;
/*!40000 ALTER TABLE `patientdata` DISABLE KEYS */;
INSERT INTO `patientdata` VALUES ('1014965','245245707'),('1014965','301981567'),('1021357','101594962'),('1021357','916183666'),('1066007','461172730'),('1066007','854417240'),('1092605','651816886'),('1092605','801216795'),('1158407','236405138'),('1158407','960754846'),('1179831','613307708'),('1179831','957347622'),('1205817','122219999'),('1205817','472816949'),('1227893','421026675'),('1227893','742359214'),('1264789','170685233'),('1264789','596571263'),('1274691','669089466'),('1274691','790901189'),('1284588','853928780'),('1284588','997527846'),('1304153','146255118'),('1304153','387855806'),('1308736','864400563'),('1308736','883042050'),('1324277','225377493'),('1324277','989185825'),('1335736','348165037'),('1335736','432188602'),('1399711','544512792'),('1399711','553178396'),('1405732','975306190'),('1405732','979284184'),('1410156','577140296'),('1410156','814430180'),('1410972','196934342'),('1410972','497485595'),('1422296','432764216'),('1422296','690866536'),('1433191','188499006'),('1433191','942847718'),('1439413','358239626'),('1439413','666924476'),('1460507','163463498'),('1460507','979865442'),('1466147','290035610'),('1466147','702060575'),('1484088','309296395'),('1484088','501881129'),('1494717','186155796'),('1494717','451412519'),('1512244','306370710'),('1512244','799794656'),('1530246','366041962'),('1530246','899210836'),('1541426','140689283'),('1541426','583316528'),('1554677','107711908'),('1554677','262347030'),('1564437','217529939'),('1564437','217596410'),('1679734','331306038'),('1679734','360251545'),('1700425','509874998'),('1700425','847974928'),('1711015','481548764'),('1711015','592824516'),('1715618','284558371'),('1715618','967458884'),('1716262','658030824'),('1716262','869067290'),('1737794','240336738'),('1737794','590315444'),('1752640','284504491'),('1752640','349244259'),('1757803','156369357'),('1757803','314017771'),('1771841','458534461'),('1771841','954419519'),('1819187','644006336'),('1819187','709595878'),('1831741','152368188'),('1831741','746126635'),('1851992','216486500'),('1851992','282289997'),('1862616','679014348'),('1862616','878693185'),('1888629','158931720'),('1888629','766750574'),('1896036','473423766'),('1896036','637330495'),('1903559','676795244'),('1903559','983196521'),('1906333','115099772'),('1906333','451997978'),('1915136','616883803'),('1915136','867003145'),('1922101','324796927'),('1922101','828842819'),('2029817','710266943'),('2029817','960928177'),('2039600','135960233'),('2039600','825947530'),('2050332','509756669'),('2050332','527541926'),('2061835','366410808'),('2061835','972305722'),('2066976','553306659'),('2066976','564122029'),('2069159','361583737'),('2069159','675654096'),('2074350','796007939'),('2074350','908002217'),('2083442','918313114'),('2083442','998278872'),('2089246','292849893'),('2089246','735699850'),('2102583','539105190'),('2102583','699999072'),('2103870','965846454'),('2103870','983076033'),('2115193','692795969'),('2115193','784822897'),('2143582','846055462'),('2143582','931901597'),('2157848','547867453'),('2157848','795120313'),('2188767','594671725'),('2188767','638369656'),('2204979','258081903'),('2204979','623479546'),('2206839','150870603'),('2206839','296513498'),('2222044','379814068'),('2222044','935412512'),('2225016','340436540'),('2225016','484286344'),('2229473','216127251'),('2229473','612512562'),('2258852','395247811'),('2258852','474424074'),('2277746','259914940'),('2277746','342397746'),('2290046','433677220'),('2290046','469053557'),('2299089','436117477'),('2299089','457710094'),('2310464','121630671'),('2310464','233832002'),('2333238','162569608'),('2333238','289541053'),('2341803','222098670'),('2341803','603750789'),('2365805','552705869'),('2365805','558431426'),('2380844','227798579'),('2380844','972372303'),('2385698','230946217'),('2385698','364374627'),('2393626','399953339'),('2393626','533580653'),('2446917','530533192'),('2446917','533268558'),('2465007','437007599'),('2465007','704314415'),('2521738','514540781'),('2521738','594002689'),('2522760','596235177'),('2522760','963585565'),('2524757','191953694'),('2524757','894632580'),('2536484','985004879'),('2536484','999883428'),('2597808','725122979'),('2597808','779874075'),('2598558','662372883'),('2598558','688010101'),('2603214','472256905'),('2603214','917231532'),('2623643','635361693'),('2623643','674673279'),('2627047','745891925'),('2627047','926820790'),('2663230','495821853'),('2663230','943963984'),('2667780','200848045'),('2667780','547352025'),('2682417','329795784'),('2682417','538329232'),('2685769','718707144'),('2685769','865854653'),('2721260','494624998'),('2721260','605348318'),('2739769','201801158'),('2739769','352937454'),('2770622','381641561'),('2770622','507285951'),('2778114','476062221'),('2778114','723117712'),('2784851','398973566'),('2784851','790357503'),('2791302','214075105'),('2791302','868372439'),('2811523','667928431'),('2811523','966500635'),('2813709','533822449'),('2813709','784945266'),('2829976','107662482'),('2829976','297661330'),('2831406','403659516'),('2831406','433601216'),('2838809','470309286'),('2838809','684698277'),('2846816','259320508'),('2846816','881679918'),('2871804','306255831'),('2871804','357320645'),('2902409','582833942'),('2902409','954760118'),('2905079','621297944'),('2905079','955670117'),('2933128','688620197'),('2933128','764637681'),('2970003','181150944'),('2970003','729586126'),('2984440','615677946'),('2984440','733143627'),('2985330','357469922'),('2985330','425521795'),('3050137','255243518'),('3050137','514697548'),('3064265','228786960'),('3064265','574456205'),('3083732','639408736'),('3083732','911023555'),('3093829','531242885'),('3093829','651880486'),('3106675','661267990'),('3106675','715250748'),('3155800','380847813'),('3155800','521199926'),('3226403','266501732'),('3226403','826822549'),('3246732','401798820'),('3246732','465470015'),('3291121','241868016'),('3291121','891656513'),('3310415','251753999'),('3310415','459074265'),('3357378','211320799'),('3357378','454219235'),('3371480','270979509'),('3371480','902920856'),('3378642','110677717'),('3378642','626756981'),('3379525','196221580'),('3379525','341310133'),('3383240','181259091'),('3383240','300952046'),('3419121','364303813'),('3419121','664470548'),('3465763','853752606'),('3465763','955942380'),('3481802','293975646'),('3481802','471027115'),('3513232','384452716'),('3513232','789745093'),('3542396','366565186'),('3542396','367195929'),('3550974','741647038'),('3550974','991856182'),('3566230','217908409'),('3566230','457401954'),('3577875','269899947'),('3577875','484040384'),('3579914','125775705'),('3579914','970821807'),('3585486','150368564'),('3585486','848128210'),('3589330','645378073'),('3589330','761065637'),('3597742','165013836'),('3597742','248646842'),('3609286','649422531'),('3609286','850006862'),('3611637','269248102'),('3611637','468929187'),('3621144','170285662'),('3621144','633651834'),('3628975','182670334'),('3628975','346919586'),('3632101','341529246'),('3632101','856506297'),('3638152','171270575'),('3638152','765918047'),('3646624','911023375'),('3646624','953137113'),('3681604','395346330'),('3681604','667810402'),('3695818','664445317'),('3695818','679907407'),('3732160','858865110'),('3732160','994285660'),('3741470','427943505'),('3741470','583985757'),('3757462','465298402'),('3757462','518285658'),('3772389','459945181'),('3772389','461874276'),('3797057','162489109'),('3797057','467400676'),('3829433','463088881'),('3829433','565328339'),('3836700','495639421'),('3836700','836597003'),('3840035','507262658'),('3840035','691353710'),('3846364','234696591'),('3846364','263089290'),('3847672','219184904'),('3847672','549598608'),('3852109','582949865'),('3852109','825780514'),('3871898','227859276'),('3871898','424875547'),('3885368','282978626'),('3885368','553179822'),('3887091','919999285'),('3887091','974490062'),('3898169','178948312'),('3898169','757304830'),('3902621','371993342'),('3902621','562132679'),('3907300','221303827'),('3907300','641004441'),('3937569','399153942'),('3937569','833721126'),('3947161','328005920'),('3947161','597899371'),('3953987','545252291'),('3953987','734774760'),('3961578','707609163'),('3961578','715938075'),('4006278','526223688'),('4006278','598971242'),('4010803','196657755'),('4010803','608971712'),('4023576','428666905'),('4023576','854831156'),('4081490','761249475'),('4081490','864356268'),('4126714','437820440'),('4126714','497165520'),('4190574','153423940'),('4190574','600576642'),('4198185','250158558'),('4198185','432854279'),('4202514','322056687'),('4202514','627420814'),('4206951','237847989'),('4206951','769090610'),('4207206','535611938'),('4207206','622339662'),('4208631','480426118'),('4208631','760740596'),('4208796','315456634'),('4208796','426474473'),('4232084','394989168'),('4232084','537375472'),('4232092','631918713'),('4232092','635196066'),('4239705','569680793'),('4239705','919727562'),('4259390','384363597'),('4259390','906809752'),('4265829','376651707'),('4265829','850243799'),('4266005','190930562'),('4266005','851227606'),('4266640','514610369'),('4266640','554320138'),('4300889','677804844'),('4300889','728455730'),('4303699','563330419'),('4303699','945844411'),('4320459','217033678'),('4320459','640990161'),('4384329','544728568'),('4384329','717704865'),('4388653','273744975'),('4388653','905900157'),('4422365','323510769'),('4422365','991313117'),('4422890','273683109'),('4422890','349611122'),('4447116','600788885'),('4447116','608387645'),('4458260','127404940'),('4458260','989294771'),('4470707','665329906'),('4470707','812761988'),('4498356','234298595'),('4498356','922582154'),('4519426','394881514'),('4519426','616095335'),('4554904','395180841'),('4554904','812491315'),('4569619','647270949'),('4569619','919215634'),('4601736','464444698'),('4601736','464731955'),('4602192','183348560'),('4602192','994351933'),('4614652','319892417'),('4614652','566705633'),('4690699','114701345'),('4690699','819220097'),('4713338','183648365'),('4713338','742518185'),('4734313','342055545'),('4734313','629713211'),('4737063','514130574'),('4737063','908825127'),('4748594','493221652'),('4748594','763518110'),('4828382','689449428'),('4828382','713187335'),('4828496','323036413'),('4828496','566631909'),('4831552','276694607'),('4831552','400386801'),('4833550','154266833'),('4833550','518818842'),('4839633','588385827'),('4839633','902176337'),('4876569','389931262'),('4876569','974441676'),('4889331','393196931'),('4889331','601036411'),('4897508','348010019'),('4897508','831849097'),('4924686','504273405'),('4924686','843880659'),('4962679','884258539'),('4962679','948129405'),('4989843','813024555'),('4989843','897148792'),('5001853','294493620'),('5001853','789363847'),('5002395','240456766'),('5002395','708235537'),('5012369','708148140'),('5012369','954034527'),('5016485','308799387'),('5016485','437968221'),('5052707','156637940'),('5052707','216786356'),('5071677','210958922'),('5071677','262562722'),('5097216','669470011'),('5097216','697289925'),('5113796','850278078'),('5113796','937932206'),('5125661','223140436'),('5125661','317742527'),('5127090','336144414'),('5127090','925801705'),('5137381','478298782'),('5137381','611198164'),('5186882','112397146'),('5186882','594909711'),('5235593','219923999'),('5235593','561876184'),('5253254','236728798'),('5253254','667292454'),('5273217','308045835'),('5273217','740560455'),('5281589','591996023'),('5281589','871489571'),('5340058','118736613'),('5340058','168949176'),('5344445','439064610'),('5344445','978768582'),('5345950','407473093'),('5345950','956478572'),('5357880','128418074'),('5357880','277364412'),('5364676','169885406'),('5364676','174945897'),('5420784','312708694'),('5420784','429662027'),('5431070','232856238'),('5431070','702438503'),('5433100','780966837'),('5433100','958306791'),('5438130','482217420'),('5438130','671793167'),('5457023','419545536'),('5457023','804214133'),('5476951','273525309'),('5476951','909176065'),('5495082','473573298'),('5495082','660666874'),('5510549','466939593'),('5510549','667327839'),('5518355','191750998'),('5518355','296815474'),('5530192','276382931'),('5530192','856389510'),('5543237','912463555'),('5543237','966195498'),('5561029','353402934'),('5561029','920533943'),('5567589','290205004'),('5567589','320109044'),('5592213','323467896'),('5592213','977900346'),('5600721','567222029'),('5600721','611274773'),('5625644','320102654'),('5625644','544609243'),('5645459','319384957'),('5645459','575648564'),('5699171','340441035'),('5699171','658327724'),('5701228','647075166'),('5701228','823428817'),('5722436','322636079'),('5722436','951834509'),('5723448','153952723'),('5723448','880459768'),('5726734','123373103'),('5726734','780751659'),('5737509','745017942'),('5737509','881513703'),('5744450','322469552'),('5744450','572359620'),('5749750','142027562'),('5749750','891162650'),('5755420','336778537'),('5755420','556958986'),('5758753','517399743'),('5758753','917329310'),('5794434','186217509'),('5794434','478245910'),('5806432','685108801'),('5806432','774699659'),('5830591','457072624'),('5830591','598990822'),('5874871','731513232'),('5874871','811791614'),('5885490','635094926'),('5885490','990737869'),('5958474','364360039'),('5958474','504441687'),('5968272','585651561'),('5968272','787307114'),('5979247','151786287'),('5979247','644069807'),('6003432','692058716'),('6003432','926965692'),('6004167','392001812'),('6004167','986886261'),('6053499','508394510'),('6053499','724850574'),('6095259','250374185'),('6095259','660685409'),('6102385','802361599'),('6102385','938087069'),('6126434','536930408'),('6126434','967927203'),('6138931','240446287'),('6138931','886410047'),('6174371','427055111'),('6174371','446045359'),('6192939','392953987'),('6192939','499054269'),('6221011','101467659'),('6221011','186291434'),('6237122','430516312'),('6237122','934142850'),('6254403','280067378'),('6254403','479173106'),('6259855','368124761'),('6259855','504777811'),('6269264','102870642'),('6269264','480694560'),('6271864','503782177'),('6271864','545295105'),('6278979','339600479'),('6278979','452706046'),('6313966','275550953'),('6313966','739364532'),('6325141','141926328'),('6325141','865096404'),('6327561','716376824'),('6327561','926316135'),('6331486','323320072'),('6331486','724390752'),('6355792','431868892'),('6355792','446920458'),('6368373','174527830'),('6368373','885615019'),('6380917','544893734'),('6380917','705945777'),('6383925','346244080'),('6383925','757248056'),('6428723','327829894'),('6428723','766692022'),('6440484','345466539'),('6440484','697223874'),('6446804','182321841'),('6446804','578660705'),('6449211','105464414'),('6449211','671161073'),('6497020','276919932'),('6497020','488103274'),('6503411','180545328'),('6503411','283269795'),('6512567','181300603'),('6512567','969941391'),('6527622','252991245'),('6527622','845537240'),('6534952','811838135'),('6534952','927704499'),('6539483','625828192'),('6539483','802846380'),('6549221','274328854'),('6549221','870485161'),('6567074','277630084'),('6567074','578185122'),('6588375','511337810'),('6588375','603810926'),('6611520','813966722'),('6611520','821071502'),('6626843','273080078'),('6626843','496496885'),('6629635','546456408'),('6629635','577154148'),('6655766','299435458'),('6655766','336185960'),('6686306','238807507'),('6686306','393953900'),('6686682','653268535'),('6686682','903861308'),('6690284','146463290'),('6690284','893667228'),('6706380','192532222'),('6706380','414331469'),('6724598','531517349'),('6724598','990870385'),('6726064','596338173'),('6726064','855799269'),('6775183','808451462'),('6775183','876176126'),('6784648','344407961'),('6784648','643042762'),('6793720','293880184'),('6793720','971727581'),('6842512','518746558'),('6842512','695224299'),('6845504','673430862'),('6845504','764402124'),('6907904','598883666'),('6907904','901038224'),('6914121','441152557'),('6914121','785017212'),('6938080','422594248'),('6938080','993075129'),('6988778','394652787'),('6988778','519757869'),('7015508','127336851'),('7015508','719402536'),('7068168','112994458'),('7068168','698749544'),('7082475','634838657'),('7082475','636707669'),('7089942','226302951'),('7089942','897604556'),('7110986','562961573'),('7110986','637353264'),('7123555','246201134'),('7123555','983830718'),('7144353','243810574'),('7144353','962718809'),('7181671','308016998'),('7181671','679777985'),('7261804','108678169'),('7261804','500537173'),('7282898','722972250'),('7282898','747284015'),('7310377','895644461'),('7310377','946260245'),('7316255','124524065'),('7316255','669749329'),('7340395','436710350'),('7340395','681056941'),('7365690','461471413'),('7365690','938363144'),('7367250','430135128'),('7367250','736112961'),('7412387','843102211'),('7412387','935915138'),('7412677','693882339'),('7412677','787587208'),('7423338','750221432'),('7423338','753870988'),('7426105','255501291'),('7426105','694469656'),('7431438','308274170'),('7431438','422239409'),('7447288','365606935'),('7447288','901413512'),('7477750','364789969'),('7477750','379981895'),('7501961','472754917'),('7501961','597146220'),('7505862','413383833'),('7505862','532197658'),('7542072','286536251'),('7542072','649314717'),('7547686','750944225'),('7547686','998422271'),('7560635','205582960'),('7560635','830855519'),('7599241','185260681'),('7599241','819752178'),('7631174','843013931'),('7631174','945715744'),('7639780','334988583'),('7639780','824734131'),('7663640','137885052'),('7663640','308946593'),('7686132','726439103'),('7686132','954671520'),('7713709','439003624'),('7713709','821000527'),('7720644','186846815'),('7720644','900154752'),('7753910','246060447'),('7753910','354733820'),('7776547','709277387'),('7776547','924896747'),('7779906','125839033'),('7779906','444562237'),('7805640','376902633'),('7805640','633900413'),('7817021','556730882'),('7817021','556963771'),('7819101','114908622'),('7819101','219752572'),('7824883','416747824'),('7824883','551554487'),('7857356','161452713'),('7857356','771860737'),('7888765','375405428'),('7888765','857660104'),('7895368','341344722'),('7895368','951305183'),('7916036','477070719'),('7916036','992200120'),('7966927','236145484'),('7966927','801230479'),('7981811','348407390'),('7981811','992849394'),('8031218','283848952'),('8031218','534414043'),('8060041','538002132'),('8060041','982645709'),('8060561','642876546'),('8060561','784231994'),('8113783','679943574'),('8113783','704681508'),('8121032','579069360'),('8121032','844849311'),('8137765','243334036'),('8137765','860159782'),('8139573','776184605'),('8139573','956000059'),('8145669','184417215'),('8145669','918067630'),('8185311','818872736'),('8185311','819159383'),('8194456','224135182'),('8194456','540555376'),('8212747','208721741'),('8212747','988407605'),('8224171','430116679'),('8224171','874182743'),('8229504','661021190'),('8229504','820424426'),('8255094','734662960'),('8255094','982951493'),('8268175','417388665'),('8268175','859049953'),('8275726','552631444'),('8275726','985066816'),('8326995','534105762'),('8326995','833803280'),('8329474','285840735'),('8329474','922359894'),('8382801','524629781'),('8382801','725783290'),('8410375','719264732'),('8410375','905192417'),('8468214','758815407'),('8468214','927865913'),('8468734','230803597'),('8468734','510531174'),('8492007','481895657'),('8492007','700311160'),('8507240','509217754'),('8507240','691100893'),('8523700','195667309'),('8523700','865249882'),('8529998','436554041'),('8529998','579585167'),('8534299','409588207'),('8534299','823141967'),('8554445','217623061'),('8554445','639022159'),('8560002','300147301'),('8560002','886314962'),('8572395','321869378'),('8572395','719078817'),('8588923','734176395'),('8588923','993183537'),('8598182','740364704'),('8598182','829783811'),('8632528','528962695'),('8632528','610649793'),('8644019','439945838'),('8644019','844592473'),('8652184','619620998'),('8652184','800410423'),('8658294','742274601'),('8658294','892377413'),('8681602','585607061'),('8681602','721629409'),('8715836','288202008'),('8715836','646864127'),('8716728','580269321'),('8716728','746461043'),('8727860','226031179'),('8727860','432306692'),('8738011','119710512'),('8738011','987178231'),('8740688','212640981'),('8740688','431942314'),('8741792','289570291'),('8741792','880427306'),('8752865','122228835'),('8752865','560375052'),('8763473','349568906'),('8763473','886784278'),('8804072','918295973'),('8804072','995737772'),('8811650','291435424'),('8811650','884536635'),('8846737','189619410'),('8846737','310392437'),('8862688','783294360'),('8862688','822807428'),('8864021','197872238'),('8864021','611591326'),('8899927','720929851'),('8899927','872976398'),('8914373','455216262'),('8914373','577985339'),('8923753','202988202'),('8923753','457684900'),('8947155','234328048'),('8947155','385369530'),('8950827','444418647'),('8950827','667004608'),('8957230','108580156'),('8957230','687406103'),('8995708','595690581'),('8995708','730903943'),('9013420','102749171'),('9013420','209967793'),('9050883','662452859'),('9050883','780824493'),('9065667','297355413'),('9065667','817410831'),('9068716','271086652'),('9068716','903065642'),('9103036','228688761'),('9103036','979269064'),('9120071','785119468'),('9120071','829725575'),('9120122','141054425'),('9120122','763372753'),('9132116','118793615'),('9132116','161989765'),('9139017','434065946'),('9139017','458314598'),('9147787','321604094'),('9147787','533229131'),('9149465','288718552'),('9149465','541351638'),('9152878','705062404'),('9152878','920563562'),('9164236','337838792'),('9164236','996966374'),('9166680','556770868'),('9166680','936623771'),('9215686','807387096'),('9215686','910180266'),('9230879','885695473'),('9230879','889203014'),('9293923','215376231'),('9293923','586700277'),('9294107','107904578'),('9294107','827004913'),('9322509','407638314'),('9322509','925734059'),('9346404','162623434'),('9346404','829828423'),('9348408','206466155'),('9348408','333423987'),('9362291','115321095'),('9362291','342300870'),('9404078','531492606'),('9404078','540570059'),('9432623','292682403'),('9432623','896349585'),('9439109','598287429'),('9439109','959755785'),('9469756','109879882'),('9469756','349177191'),('9486290','594653287'),('9486290','671792303'),('9495903','675937237'),('9495903','984985272'),('9501522','594945734'),('9501522','712576921'),('9512246','690561055'),('9512246','758085287'),('9529818','191115125'),('9529818','727443449'),('9541325','604322583'),('9541325','832334702'),('9549459','500457349'),('9549459','539667888'),('9568997','882981123'),('9568997','994427776'),('9570480','103212765'),('9570480','217627610'),('9581160','624632275'),('9581160','751579071'),('9586164','881334605'),('9586164','907302345'),('9616454','630150362'),('9616454','980190728'),('9626284','759588292'),('9626284','849714170'),('9645239','304856509'),('9645239','345221659'),('9645257','191572368'),('9645257','475187999'),('9657880','398023927'),('9657880','610491995'),('9679534','151314114'),('9679534','169593710'),('9681675','309954334'),('9681675','866577019'),('9691822','421166479'),('9691822','846924960'),('9718210','378754023'),('9718210','440145918'),('9719900','355226743'),('9719900','990136101'),('9724257','335491494'),('9724257','897104658'),('9730425','230082769'),('9730425','749541181'),('9744265','184052942'),('9744265','690441165'),('9745687','768242713'),('9745687','840526829'),('9796282','123871717'),('9796282','483042492'),('9839303','236315744'),('9839303','769571684'),('9845530','254362356'),('9845530','562507734'),('9851098','474081241'),('9851098','905949288'),('9876817','183210252'),('9876817','987798488'),('9905348','625563770'),('9905348','813710966'),('9947092','497489940'),('9947092','987315624'),('9959164','444811190'),('9959164','826670705'),('9997266','366637249'),('9997266','395875594');
/*!40000 ALTER TABLE `patientdata` ENABLE KEYS */;
UNLOCK TABLES;

--
-- Table structure for table `prescription`
--

DROP TABLE IF EXISTS `prescription`;
/*!40101 SET @saved_cs_client     = @@character_set_client */;
/*!50503 SET character_set_client = utf8mb4 */;
CREATE TABLE `prescription` (
  `prescriptionID` char(50) NOT NULL,
  `medicineName` char(50) NOT NULL
) ENGINE=InnoDB DEFAULT CHARSET=utf8mb4 COLLATE=utf8mb4_0900_ai_ci;
/*!40101 SET character_set_client = @saved_cs_client */;

--
-- Dumping data for table `prescription`
--

LOCK TABLES `prescription` WRITE;
/*!40000 ALTER TABLE `prescription` DISABLE KEYS */;
INSERT INTO `prescription` VALUES ('101467659','Albuterol'),('101594962','Amlodipine'),('102749171','Atorvastatin'),('102870642','Bupropion'),('103212765','Carvedilol'),('105464414','Escitalopram'),('107662482','Fluoxetine'),('107711908','Fluticasone'),('107904578','Furosemide'),('108580156','Gabapentin'),('108678169','Hydrochlorothiazide'),('109879882','Hydrocodone'),('110677717','Levothyroxine'),('112397146','Lisinopril'),('112994458','Losartan'),('114701345','Metformin'),('114908622','Metoprolol'),('115099772','Montelukast'),('115321095','Omeprazole'),('118736613','Pantoprazole'),('118793615','Rosuvastatin'),('119710512','Sertraline'),('121630671','Simvastatin'),('122219999','Tamsulosin'),('122228835','Trazodone'),('123373103','Albuterol'),('123871717','Amlodipine'),('124524065','Atorvastatin'),('125775705','Bupropion'),('125839033','Carvedilol'),('127336851','Escitalopram'),('127404940','Fluoxetine'),('128418074','Fluticasone'),('135960233','Furosemide'),('137885052','Gabapentin'),('140689283','Hydrochlorothiazide'),('141054425','Hydrocodone'),('141926328','Levothyroxine'),('142027562','Lisinopril'),('146255118','Losartan'),('146463290','Metformin'),('150368564','Metoprolol'),('150870603','Montelukast'),('151314114','Omeprazole'),('151786287','Pantoprazole'),('152368188','Rosuvastatin'),('153423940','Sertraline'),('153952723','Simvastatin'),('154266833','Tamsulosin'),('156369357','Trazodone'),('156637940','Albuterol'),('158931720','Amlodipine'),('161452713','Atorvastatin'),('161989765','Bupropion'),('162489109','Carvedilol'),('162569608','Escitalopram'),('162623434','Fluoxetine'),('163463498','Fluticasone'),('165013836','Furosemide'),('168949176','Gabapentin'),('169593710','Hydrochlorothiazide'),('169885406','Hydrocodone'),('170285662','Levothyroxine'),('170685233','Lisinopril'),('171270575','Losartan'),('174527830','Metformin'),('174945897','Metoprolol'),('178948312','Montelukast'),('180545328','Omeprazole'),('181150944','Pantoprazole'),('181259091','Rosuvastatin'),('181300603','Sertraline'),('182321841','Simvastatin'),('182670334','Tamsulosin'),('183210252','Trazodone'),('183348560','Albuterol'),('183648365','Amlodipine'),('184052942','Atorvastatin'),('184417215','Bupropion'),('185260681','Carvedilol'),('186155796','Escitalopram'),('186217509','Fluoxetine'),('186291434','Fluticasone'),('186846815','Furosemide'),('188499006','Gabapentin'),('189619410','Hydrochlorothiazide'),('190930562','Hydrocodone'),('191115125','Levothyroxine'),('191572368','Lisinopril'),('191750998','Losartan'),('191953694','Metformin'),('192532222','Metoprolol'),('195667309','Montelukast'),('196221580','Omeprazole'),('196657755','Pantoprazole'),('196934342','Rosuvastatin'),('197872238','Sertraline'),('200848045','Simvastatin'),('201801158','Tamsulosin'),('202988202','Trazodone'),('205582960','Albuterol'),('206466155','Amlodipine'),('208721741','Atorvastatin'),('209967793','Bupropion'),('210958922','Carvedilol'),('211320799','Escitalopram'),('212640981','Fluoxetine'),('214075105','Fluticasone'),('215376231','Furosemide'),('216127251','Gabapentin'),('216486500','Hydrochlorothiazide'),('216786356','Hydrocodone'),('217033678','Levothyroxine'),('217529939','Lisinopril'),('217596410','Losartan'),('217623061','Metformin'),('217627610','Metoprolol'),('217908409','Montelukast'),('219184904','Omeprazole'),('219752572','Pantoprazole'),('219923999','Rosuvastatin'),('221303827','Sertraline'),('222098670','Simvastatin'),('223140436','Tamsulosin'),('224135182','Trazodone'),('225377493','Albuterol'),('226031179','Amlodipine'),('226302951','Atorvastatin'),('227798579','Bupropion'),('227859276','Carvedilol'),('228688761','Escitalopram'),('228786960','Fluoxetine'),('230082769','Fluticasone'),('230803597','Furosemide'),('230946217','Gabapentin'),('232856238','Hydrochlorothiazide'),('233832002','Hydrocodone'),('234298595','Levothyroxine'),('234328048','Lisinopril'),('234696591','Losartan'),('236145484','Metformin'),('236315744','Metoprolol'),('236405138','Montelukast'),('236728798','Omeprazole'),('237847989','Pantoprazole'),('238807507','Rosuvastatin'),('240336738','Sertraline'),('240446287','Simvastatin'),('240456766','Tamsulosin'),('241868016','Trazodone'),('243334036','Albuterol'),('243810574','Amlodipine'),('245245707','Atorvastatin'),('246060447','Bupropion'),('246201134','Carvedilol'),('248646842','Escitalopram'),('250158558','Fluoxetine'),('250374185','Fluticasone'),('251753999','Furosemide'),('252991245','Gabapentin'),('254362356','Hydrochlorothiazide'),('255243518','Hydrocodone'),('255501291','Levothyroxine'),('258081903','Lisinopril'),('259320508','Losartan'),('259914940','Metformin'),('262347030','Metoprolol'),('262562722','Montelukast'),('263089290','Omeprazole'),('266501732','Pantoprazole'),('269248102','Rosuvastatin'),('269899947','Sertraline'),('270979509','Simvastatin'),('271086652','Tamsulosin'),('273080078','Trazodone'),('273525309','Albuterol'),('273683109','Amlodipine'),('273744975','Atorvastatin'),('274328854','Bupropion'),('275550953','Carvedilol'),('276382931','Escitalopram'),('276694607','Fluoxetine'),('276919932','Fluticasone'),('277364412','Furosemide'),('277630084','Gabapentin'),('280067378','Hydrochlorothiazide'),('282289997','Hydrocodone'),('282978626','Levothyroxine'),('283269795','Lisinopril'),('283848952','Losartan'),('284504491','Metformin'),('284558371','Metoprolol'),('285840735','Montelukast'),('286536251','Omeprazole'),('288202008','Pantoprazole'),('288718552','Rosuvastatin'),('289541053','Sertraline'),('289570291','Simvastatin'),('290035610','Tamsulosin'),('290205004','Trazodone'),('291435424','Albuterol'),('292682403','Amlodipine'),('292849893','Atorvastatin'),('293880184','Bupropion'),('293975646','Carvedilol'),('294493620','Escitalopram'),('296513498','Fluoxetine'),('296815474','Fluticasone'),('297355413','Furosemide'),('297661330','Gabapentin'),('299435458','Hydrochlorothiazide'),('300147301','Hydrocodone'),('300952046','Levothyroxine'),('301981567','Lisinopril'),('304856509','Losartan'),('306255831','Metformin'),('306370710','Metoprolol'),('308016998','Montelukast'),('308045835','Omeprazole'),('308274170','Pantoprazole'),('308799387','Rosuvastatin'),('308946593','Sertraline'),('309296395','Simvastatin'),('309954334','Tamsulosin'),('310392437','Trazodone'),('312708694','Albuterol'),('314017771','Amlodipine'),('315456634','Atorvastatin'),('317742527','Bupropion'),('319384957','Carvedilol'),('319892417','Escitalopram'),('320102654','Fluoxetine'),('320109044','Fluticasone'),('321604094','Furosemide'),('321869378','Gabapentin'),('322056687','Hydrochlorothiazide'),('322469552','Hydrocodone'),('322636079','Levothyroxine'),('323036413','Lisinopril'),('323320072','Losartan'),('323467896','Metformin'),('323510769','Metoprolol'),('324796927','Montelukast'),('327829894','Omeprazole'),('328005920','Pantoprazole'),('329795784','Rosuvastatin'),('331306038','Sertraline'),('333423987','Simvastatin'),('334988583','Tamsulosin'),('335491494','Trazodone'),('336144414','Albuterol'),('336185960','Amlodipine'),('336778537','Atorvastatin'),('337838792','Bupropion'),('339600479','Carvedilol'),('340436540','Escitalopram'),('340441035','Fluoxetine'),('341310133','Fluticasone'),('341344722','Furosemide'),('341529246','Gabapentin'),('342055545','Hydrochlorothiazide'),('342300870','Hydrocodone'),('342397746','Levothyroxine'),('344407961','Lisinopril'),('345221659','Losartan'),('345466539','Metformin'),('346244080','Metoprolol'),('346919586','Montelukast'),('348010019','Omeprazole'),('348165037','Pantoprazole'),('348407390','Rosuvastatin'),('349177191','Sertraline'),('349244259','Simvastatin'),('349568906','Tamsulosin'),('349611122','Trazodone'),('352937454','Albuterol'),('353402934','Amlodipine'),('354733820','Atorvastatin'),('355226743','Bupropion'),('357320645','Carvedilol'),('357469922','Escitalopram'),('358239626','Fluoxetine'),('360251545','Fluticasone'),('361583737','Furosemide'),('364303813','Gabapentin'),('364360039','Hydrochlorothiazide'),('364374627','Hydrocodone'),('364789969','Levothyroxine'),('365606935','Lisinopril'),('366041962','Losartan'),('366410808','Metformin'),('366565186','Metoprolol'),('366637249','Montelukast'),('367195929','Omeprazole'),('368124761','Pantoprazole'),('371993342','Rosuvastatin'),('375405428','Sertraline'),('376651707','Simvastatin'),('376902633','Tamsulosin'),('378754023','Trazodone'),('379814068','Albuterol'),('379981895','Amlodipine'),('380847813','Atorvastatin'),('381641561','Bupropion'),('384363597','Carvedilol'),('384452716','Escitalopram'),('385369530','Fluoxetine'),('387855806','Fluticasone'),('389931262','Furosemide'),('392001812','Gabapentin'),('392953987','Hydrochlorothiazide'),('393196931','Hydrocodone'),('393953900','Levothyroxine'),('394652787','Lisinopril'),('394881514','Losartan'),('394989168','Metformin'),('395180841','Metoprolol'),('395247811','Montelukast'),('395346330','Omeprazole'),('395875594','Pantoprazole'),('398023927','Rosuvastatin'),('398973566','Sertraline'),('399153942','Simvastatin'),('399953339','Tamsulosin'),('400386801','Trazodone'),('401798820','Albuterol'),('403659516','Amlodipine'),('407473093','Atorvastatin'),('407638314','Bupropion'),('409588207','Carvedilol'),('413383833','Escitalopram'),('414331469','Fluoxetine'),('416747824','Fluticasone'),('417388665','Furosemide'),('419545536','Gabapentin'),('421026675','Hydrochlorothiazide'),('421166479','Hydrocodone'),('422239409','Levothyroxine'),('422594248','Lisinopril'),('424875547','Losartan'),('425521795','Metformin'),('426474473','Metoprolol'),('427055111','Montelukast'),('427943505','Omeprazole'),('428666905','Pantoprazole'),('429662027','Rosuvastatin'),('430116679','Sertraline'),('430135128','Simvastatin'),('430516312','Tamsulosin'),('431868892','Trazodone'),('431942314','Albuterol'),('432188602','Amlodipine'),('432306692','Atorvastatin'),('432764216','Bupropion'),('432854279','Carvedilol'),('433601216','Escitalopram'),('433677220','Fluoxetine'),('434065946','Fluticasone'),('436117477','Furosemide'),('436554041','Gabapentin'),('436710350','Hydrochlorothiazide'),('437007599','Hydrocodone'),('437820440','Levothyroxine'),('437968221','Lisinopril'),('439003624','Losartan'),('439064610','Metformin'),('439945838','Metoprolol'),('440145918','Montelukast'),('441152557','Omeprazole'),('444418647','Pantoprazole'),('444562237','Rosuvastatin'),('444811190','Sertraline'),('446045359','Simvastatin'),('446920458','Tamsulosin'),('451412519','Trazodone'),('451997978','Albuterol'),('452706046','Amlodipine'),('454219235','Atorvastatin'),('455216262','Bupropion'),('457072624','Carvedilol'),('457401954','Escitalopram'),('457684900','Fluoxetine'),('457710094','Fluticasone'),('458314598','Furosemide'),('458534461','Gabapentin'),('459074265','Hydrochlorothiazide'),('459945181','Hydrocodone'),('461172730','Levothyroxine'),('461471413','Lisinopril'),('461874276','Losartan'),('463088881','Metformin'),('464444698','Metoprolol'),('464731955','Montelukast'),('465298402','Omeprazole'),('465470015','Pantoprazole'),('466939593','Rosuvastatin'),('467400676','Sertraline'),('468929187','Simvastatin'),('469053557','Tamsulosin'),('470309286','Trazodone'),('471027115','Albuterol'),('472256905','Amlodipine'),('472754917','Atorvastatin'),('472816949','Bupropion'),('473423766','Carvedilol'),('473573298','Escitalopram'),('474081241','Fluoxetine'),('474424074','Fluticasone'),('475187999','Furosemide'),('476062221','Gabapentin'),('477070719','Hydrochlorothiazide'),('478245910','Hydrocodone'),('478298782','Levothyroxine'),('479173106','Lisinopril'),('480426118','Losartan'),('480694560','Metformin'),('481548764','Metoprolol'),('481895657','Montelukast'),('482217420','Omeprazole'),('483042492','Pantoprazole'),('484040384','Rosuvastatin'),('484286344','Sertraline'),('488103274','Simvastatin'),('493221652','Tamsulosin'),('494624998','Trazodone'),('495639421','Albuterol'),('495821853','Amlodipine'),('496496885','Atorvastatin'),('497165520','Bupropion'),('497485595','Carvedilol'),('497489940','Escitalopram'),('499054269','Fluoxetine'),('500457349','Fluticasone'),('500537173','Furosemide'),('501881129','Gabapentin'),('503782177','Hydrochlorothiazide'),('504273405','Hydrocodone'),('504441687','Levothyroxine'),('504777811','Lisinopril'),('507262658','Losartan'),('507285951','Metformin'),('508394510','Metoprolol'),('509217754','Montelukast'),('509756669','Omeprazole'),('509874998','Pantoprazole'),('510531174','Rosuvastatin'),('511337810','Sertraline'),('514130574','Simvastatin'),('514540781','Tamsulosin'),('514610369','Trazodone'),('514697548','Albuterol'),('517399743','Amlodipine'),('518285658','Atorvastatin'),('518746558','Bupropion'),('518818842','Carvedilol'),('519757869','Escitalopram'),('521199926','Fluoxetine'),('524629781','Fluticasone'),('526223688','Furosemide'),('527541926','Gabapentin'),('528962695','Hydrochlorothiazide'),('530533192','Hydrocodone'),('531242885','Levothyroxine'),('531492606','Lisinopril'),('531517349','Losartan'),('532197658','Metformin'),('533229131','Metoprolol'),('533268558','Montelukast'),('533580653','Omeprazole'),('533822449','Pantoprazole'),('534105762','Rosuvastatin'),('534414043','Sertraline'),('535611938','Simvastatin'),('536930408','Tamsulosin'),('537375472','Trazodone'),('538002132','Albuterol'),('538329232','Amlodipine'),('539105190','Atorvastatin'),('539667888','Bupropion'),('540555376','Carvedilol'),('540570059','Escitalopram'),('541351638','Fluoxetine'),('544512792','Fluticasone'),('544512792','Albuterol'),('544609243','Furosemide'),('544728568','Gabapentin'),('544893734','Hydrochlorothiazide'),('545252291','Hydrocodone'),('545295105','Levothyroxine'),('546456408','Lisinopril'),('547352025','Losartan'),('547867453','Metformin'),('549598608','Metoprolol'),('551554487','Montelukast'),('552631444','Omeprazole'),('552705869','Pantoprazole'),('553178396','Rosuvastatin'),('553179822','Sertraline'),('553306659','Simvastatin'),('554320138','Tamsulosin'),('556730882','Trazodone'),('556770868','Albuterol'),('556958986','Amlodipine'),('556963771','Atorvastatin'),('558431426','Bupropion'),('560375052','Carvedilol'),('561876184','Escitalopram'),('562132679','Fluoxetine'),('562507734','Fluticasone'),('562961573','Furosemide'),('563330419','Gabapentin'),('564122029','Hydrochlorothiazide'),('565328339','Hydrocodone'),('566631909','Levothyroxine'),('566705633','Lisinopril'),('567222029','Losartan'),('569680793','Metformin'),('572359620','Metoprolol'),('574456205','Montelukast'),('575648564','Omeprazole'),('577140296','Pantoprazole'),('577154148','Rosuvastatin'),('577985339','Sertraline'),('578185122','Simvastatin'),('578660705','Tamsulosin'),('579069360','Trazodone'),('579585167','Albuterol'),('580269321','Amlodipine'),('582833942','Atorvastatin'),('582949865','Bupropion'),('583316528','Carvedilol'),('583985757','Escitalopram'),('585607061','Fluoxetine'),('585651561','Fluticasone'),('586700277','Furosemide'),('588385827','Gabapentin'),('590315444','Hydrochlorothiazide'),('591996023','Hydrocodone'),('592824516','Levothyroxine'),('594002689','Lisinopril'),('594653287','Losartan'),('594671725','Metformin'),('594909711','Metoprolol'),('594945734','Montelukast'),('595690581','Omeprazole'),('596235177','Pantoprazole'),('596338173','Rosuvastatin'),('596571263','Sertraline'),('597146220','Simvastatin'),('597899371','Tamsulosin'),('598287429','Trazodone'),('598883666','Albuterol'),('598971242','Amlodipine'),('598990822','Atorvastatin'),('600576642','Bupropion'),('600788885','Carvedilol'),('601036411','Escitalopram'),('603750789','Fluoxetine'),('603810926','Fluticasone'),('604322583','Furosemide'),('605348318','Gabapentin'),('608387645','Hydrochlorothiazide'),('608971712','Hydrocodone'),('610491995','Levothyroxine'),('610649793','Lisinopril'),('611198164','Losartan'),('611274773','Metformin'),('611591326','Metoprolol'),('612512562','Montelukast'),('613307708','Omeprazole'),('615677946','Pantoprazole'),('616095335','Rosuvastatin'),('616883803','Sertraline'),('619620998','Simvastatin'),('621297944','Tamsulosin'),('622339662','Trazodone'),('623479546','Albuterol'),('624632275','Amlodipine'),('625563770','Atorvastatin'),('625828192','Bupropion'),('626756981','Carvedilol'),('627420814','Escitalopram'),('629713211','Fluoxetine'),('630150362','Fluticasone'),('631918713','Furosemide'),('633651834','Gabapentin'),('633900413','Hydrochlorothiazide'),('634838657','Hydrocodone'),('635094926','Levothyroxine'),('635196066','Lisinopril'),('635361693','Losartan'),('636707669','Metformin'),('637330495','Metoprolol'),('637353264','Montelukast'),('638369656','Omeprazole'),('639022159','Pantoprazole'),('639408736','Rosuvastatin'),('640990161','Sertraline'),('641004441','Simvastatin'),('642876546','Tamsulosin'),('643042762','Trazodone'),('644006336','Albuterol'),('644069807','Amlodipine'),('645378073','Atorvastatin'),('646864127','Bupropion'),('647075166','Carvedilol'),('647270949','Escitalopram'),('649314717','Fluoxetine'),('649422531','Fluticasone'),('651816886','Furosemide'),('651880486','Gabapentin'),('653268535','Hydrochlorothiazide'),('658030824','Hydrocodone'),('658327724','Levothyroxine'),('660666874','Lisinopril'),('660685409','Losartan'),('661021190','Metformin'),('661267990','Metoprolol'),('662372883','Montelukast'),('662452859','Omeprazole'),('664445317','Pantoprazole'),('664470548','Rosuvastatin'),('665329906','Sertraline'),('666924476','Simvastatin'),('667004608','Tamsulosin'),('667292454','Trazodone'),('667327839','Albuterol'),('667810402','Amlodipine'),('667928431','Atorvastatin'),('669089466','Bupropion'),('669470011','Carvedilol'),('669749329','Escitalopram'),('671161073','Fluoxetine'),('671792303','Fluticasone'),('671793167','Furosemide'),('673430862','Gabapentin'),('674673279','Hydrochlorothiazide'),('675654096','Hydrocodone'),('675937237','Levothyroxine'),('676795244','Lisinopril'),('677804844','Losartan'),('679014348','Metformin'),('679777985','Metoprolol'),('679907407','Montelukast'),('679943574','Omeprazole'),('681056941','Pantoprazole'),('684698277','Rosuvastatin'),('685108801','Sertraline'),('687406103','Simvastatin'),('688010101','Tamsulosin'),('688620197','Trazodone'),('689449428','Albuterol'),('690441165','Amlodipine'),('690561055','Atorvastatin'),('690866536','Bupropion'),('691100893','Carvedilol'),('691353710','Escitalopram'),('692058716','Fluoxetine'),('692795969','Fluticasone'),('693882339','Furosemide'),('694469656','Gabapentin'),('695224299','Hydrochlorothiazide'),('697223874','Hydrocodone'),('697289925','Levothyroxine'),('698749544','Lisinopril'),('699999072','Losartan'),('700311160','Metformin'),('702060575','Metoprolol'),('702438503','Montelukast'),('704314415','Omeprazole'),('704681508','Pantoprazole'),('705062404','Rosuvastatin'),('705945777','Sertraline'),('707609163','Simvastatin'),('708148140','Tamsulosin'),('708235537','Trazodone'),('709277387','Albuterol'),('709595878','Amlodipine'),('710266943','Atorvastatin'),('712576921','Bupropion'),('713187335','Carvedilol'),('715250748','Escitalopram'),('715938075','Fluoxetine'),('716376824','Fluticasone'),('717704865','Furosemide'),('718707144','Gabapentin'),('719078817','Hydrochlorothiazide'),('719264732','Hydrocodone'),('719402536','Levothyroxine'),('720929851','Lisinopril'),('721629409','Losartan'),('722972250','Metformin'),('723117712','Metoprolol'),('724390752','Montelukast'),('724850574','Omeprazole'),('725122979','Pantoprazole'),('725783290','Rosuvastatin'),('726439103','Sertraline'),('727443449','Simvastatin'),('728455730','Tamsulosin'),('729586126','Trazodone'),('730903943','Albuterol'),('731513232','Amlodipine'),('733143627','Atorvastatin'),('734176395','Bupropion'),('734662960','Carvedilol'),('734774760','Escitalopram'),('735699850','Fluoxetine'),('736112961','Fluticasone'),('739364532','Furosemide'),('740364704','Gabapentin'),('740560455','Hydrochlorothiazide'),('741647038','Hydrocodone'),('742274601','Levothyroxine'),('742359214','Lisinopril'),('742518185','Losartan'),('745017942','Metformin'),('745891925','Metoprolol'),('746126635','Montelukast'),('746461043','Omeprazole'),('747284015','Pantoprazole'),('749541181','Rosuvastatin'),('750221432','Sertraline'),('750944225','Simvastatin'),('751579071','Tamsulosin'),('753870988','Trazodone'),('757248056','Albuterol'),('757304830','Amlodipine'),('758085287','Atorvastatin'),('758815407','Bupropion'),('759588292','Carvedilol'),('760740596','Escitalopram'),('761065637','Fluoxetine'),('761249475','Fluticasone'),('763372753','Furosemide'),('763518110','Gabapentin'),('764402124','Hydrochlorothiazide'),('764637681','Hydrocodone'),('765918047','Levothyroxine'),('766692022','Lisinopril'),('766750574','Losartan'),('768242713','Metformin'),('769090610','Metoprolol'),('769571684','Montelukast'),('771860737','Omeprazole'),('774699659','Pantoprazole'),('776184605','Rosuvastatin'),('779874075','Sertraline'),('780751659','Simvastatin'),('780824493','Tamsulosin'),('780966837','Trazodone'),('783294360','Albuterol'),('784231994','Amlodipine'),('784822897','Atorvastatin'),('784945266','Bupropion'),('785017212','Carvedilol'),('785119468','Escitalopram'),('787307114','Fluoxetine'),('787587208','Fluticasone'),('789363847','Furosemide'),('789745093','Gabapentin'),('790357503','Hydrochlorothiazide'),('790901189','Hydrocodone'),('795120313','Levothyroxine'),('796007939','Lisinopril'),('799794656','Losartan'),('800410423','Metformin'),('801216795','Metoprolol'),('801230479','Montelukast'),('802361599','Omeprazole'),('802846380','Pantoprazole'),('804214133','Rosuvastatin'),('807387096','Sertraline'),('808451462','Simvastatin'),('811791614','Tamsulosin'),('811838135','Trazodone'),('812491315','Albuterol'),('812761988','Amlodipine'),('813024555','Atorvastatin'),('813710966','Bupropion'),('813966722','Carvedilol'),('814430180','Escitalopram'),('817410831','Fluoxetine'),('818872736','Fluticasone'),('819159383','Furosemide'),('819220097','Gabapentin'),('819752178','Hydrochlorothiazide'),('820424426','Hydrocodone'),('821000527','Levothyroxine'),('821071502','Lisinopril'),('822807428','Losartan'),('823141967','Metformin'),('823428817','Metoprolol'),('824734131','Montelukast'),('825780514','Omeprazole'),('825947530','Pantoprazole'),('826670705','Rosuvastatin'),('826822549','Sertraline'),('827004913','Simvastatin'),('828842819','Tamsulosin'),('829725575','Trazodone'),('829783811','Albuterol'),('829828423','Amlodipine'),('830855519','Atorvastatin'),('831849097','Bupropion'),('832334702','Carvedilol'),('833721126','Escitalopram'),('833803280','Fluoxetine'),('836597003','Fluticasone'),('840526829','Furosemide'),('843013931','Gabapentin'),('843102211','Hydrochlorothiazide'),('843880659','Hydrocodone'),('844592473','Levothyroxine'),('844849311','Lisinopril'),('845537240','Losartan'),('846055462','Metformin'),('846924960','Metoprolol'),('847974928','Montelukast'),('848128210','Omeprazole'),('849714170','Pantoprazole'),('850006862','Rosuvastatin'),('850243799','Sertraline'),('850278078','Simvastatin'),('851227606','Tamsulosin'),('853752606','Trazodone'),('853928780','Albuterol'),('854417240','Amlodipine'),('854831156','Atorvastatin'),('855799269','Bupropion'),('856389510','Carvedilol'),('856506297','Escitalopram'),('857660104','Fluoxetine'),('858865110','Fluticasone'),('859049953','Furosemide'),('860159782','Gabapentin'),('864356268','Hydrochlorothiazide'),('864400563','Hydrocodone'),('865096404','Levothyroxine'),('865249882','Lisinopril'),('865854653','Losartan'),('866577019','Metformin'),('867003145','Metoprolol'),('868372439','Montelukast'),('869067290','Omeprazole'),('870485161','Pantoprazole'),('871489571','Rosuvastatin'),('872976398','Sertraline'),('874182743','Simvastatin'),('876176126','Tamsulosin'),('878693185','Trazodone'),('880427306','Albuterol'),('880459768','Amlodipine'),('881334605','Atorvastatin'),('881513703','Bupropion'),('881679918','Carvedilol'),('882981123','Escitalopram'),('883042050','Fluoxetine'),('884258539','Fluticasone'),('884536635','Furosemide'),('885615019','Gabapentin'),('885695473','Hydrochlorothiazide'),('886314962','Hydrocodone'),('886410047','Levothyroxine'),('886784278','Lisinopril'),('889203014','Losartan'),('891162650','Metformin'),('891656513','Metoprolol'),('892377413','Montelukast'),('893667228','Omeprazole'),('894632580','Pantoprazole'),('895644461','Rosuvastatin'),('896349585','Sertraline'),('897104658','Simvastatin'),('897148792','Tamsulosin'),('897604556','Trazodone'),('899210836','Albuterol'),('900154752','Amlodipine'),('901038224','Atorvastatin'),('901413512','Bupropion'),('902176337','Carvedilol'),('902920856','Escitalopram'),('903065642','Fluoxetine'),('903861308','Fluticasone'),('905192417','Furosemide'),('905900157','Gabapentin'),('905949288','Hydrochlorothiazide'),('906809752','Hydrocodone'),('907302345','Levothyroxine'),('908002217','Lisinopril'),('908825127','Losartan'),('909176065','Metformin'),('910180266','Metoprolol'),('911023375','Montelukast'),('911023555','Omeprazole'),('912463555','Pantoprazole'),('916183666','Rosuvastatin'),('917231532','Sertraline'),('917329310','Simvastatin'),('918067630','Tamsulosin'),('918295973','Trazodone'),('918313114','Albuterol'),('919215634','Amlodipine'),('919727562','Atorvastatin'),('919999285','Bupropion'),('920533943','Carvedilol'),('920563562','Escitalopram'),('922359894','Fluoxetine'),('922582154','Fluticasone'),('924896747','Furosemide'),('925734059','Gabapentin'),('925801705','Hydrochlorothiazide'),('926316135','Hydrocodone'),('926820790','Levothyroxine'),('926965692','Lisinopril'),('927704499','Losartan'),('927865913','Metformin'),('931901597','Metoprolol'),('934142850','Montelukast'),('935412512','Omeprazole'),('935915138','Pantoprazole'),('936623771','Rosuvastatin'),('937932206','Sertraline'),('938087069','Simvastatin'),('938363144','Tamsulosin'),('942847718','Trazodone'),('943963984','Albuterol'),('945715744','Amlodipine'),('945844411','Atorvastatin'),('946260245','Bupropion'),('948129405','Carvedilol'),('951305183','Escitalopram'),('951834509','Fluoxetine'),('953137113','Fluticasone'),('954034527','Furosemide'),('954419519','Gabapentin'),('954671520','Hydrochlorothiazide'),('954760118','Hydrocodone'),('955670117','Levothyroxine'),('955942380','Lisinopril'),('956000059','Losartan'),('956478572','Metformin'),('957347622','Metoprolol'),('958306791','Montelukast'),('959755785','Omeprazole'),('960754846','Pantoprazole'),('960928177','Rosuvastatin'),('962718809','Sertraline'),('963585565','Simvastatin'),('965846454','Tamsulosin'),('966195498','Trazodone'),('966500635','Albuterol'),('967458884','Amlodipine'),('967927203','Atorvastatin'),('969941391','Bupropion'),('970821807','Carvedilol'),('971727581','Escitalopram'),('972305722','Fluoxetine'),('972372303','Fluticasone'),('974441676','Furosemide'),('974490062','Gabapentin'),('975306190','Hydrochlorothiazide'),('977900346','Hydrocodone'),('978768582','Levothyroxine'),('979269064','Lisinopril'),('979284184','Losartan'),('979865442','Metformin'),('980190728','Metoprolol'),('982645709','Montelukast'),('982951493','Omeprazole'),('983076033','Pantoprazole'),('983196521','Rosuvastatin'),('983830718','Sertraline'),('984985272','Simvastatin'),('985004879','Tamsulosin'),('985066816','Trazodone'),('986886261','Albuterol'),('987178231','Amlodipine'),('987315624','Atorvastatin'),('987798488','Bupropion'),('988407605','Carvedilol'),('989185825','Escitalopram'),('989294771','Fluoxetine'),('990136101','Fluticasone'),('990737869','Furosemide'),('990870385','Gabapentin'),('991313117','Hydrochlorothiazide'),('991856182','Hydrocodone'),('992200120','Levothyroxine'),('992849394','Lisinopril'),('993075129','Losartan'),('993183537','Metformin'),('994285660','Metoprolol'),('994351933','Montelukast'),('994427776','Omeprazole'),('995737772','Pantoprazole'),('996966374','Rosuvastatin'),('997527846','Sertraline'),('998278872','Simvastatin'),('998422271','Tamsulosin'),('999883428','Trazodone');
/*!40000 ALTER TABLE `prescription` ENABLE KEYS */;
UNLOCK TABLES;

--
-- Table structure for table `receptionist`
--

DROP TABLE IF EXISTS `receptionist`;
/*!40101 SET @saved_cs_client     = @@character_set_client */;
/*!50503 SET character_set_client = utf8mb4 */;
CREATE TABLE `receptionist` (
  `department` char(50) DEFAULT NULL COMMENT 'null = front desk',
  `id` char(50) NOT NULL,
  `password` char(50) DEFAULT 'pqrstuvw123'
) ENGINE=InnoDB DEFAULT CHARSET=utf8mb4 COLLATE=utf8mb4_0900_ai_ci;
/*!40101 SET character_set_client = @saved_cs_client */;

--
-- Dumping data for table `receptionist`
--

LOCK TABLES `receptionist` WRITE;
/*!40000 ALTER TABLE `receptionist` DISABLE KEYS */;
INSERT INTO `receptionist` VALUES (NULL,'1415','pqrstuvw123'),(NULL,'4058','pqrstuvw123'),(NULL,'4140','pqrstuvw123'),('Pediatrics','4624','pqrstuvw123'),('Neurology','4712','pqrstuvw123'),(NULL,'5458','pqrstuvw123'),('Urology','5628','pqrstuvw123'),('Dermatology','6248','pqrstuvw123'),('Oncology','6614','pqrstuvw123'),('Opthamology','6722','pqrstuvw123'),('Gynaecology','6840','pqrstuvw123'),('Cardiology','8213','pqrstuvw123'),('Radiology','8521','pqrstuvw123'),('Pathology','9884','pqrstuvw123');
/*!40000 ALTER TABLE `receptionist` ENABLE KEYS */;
UNLOCK TABLES;

--
-- Table structure for table `staff`
--

DROP TABLE IF EXISTS `staff`;
/*!40101 SET @saved_cs_client     = @@character_set_client */;
/*!50503 SET character_set_client = utf8mb4 */;
CREATE TABLE `staff` (
  `id` char(50) NOT NULL,
  `password` char(50) DEFAULT 'lmnop021'
) ENGINE=InnoDB DEFAULT CHARSET=utf8mb4 COLLATE=utf8mb4_0900_ai_ci;
/*!40101 SET character_set_client = @saved_cs_client */;

--
-- Dumping data for table `staff`
--

LOCK TABLES `staff` WRITE;
/*!40000 ALTER TABLE `staff` DISABLE KEYS */;
INSERT INTO `staff` VALUES ('1100','lmnop021'),('1560','lmnop021'),('1671','lmnop021'),('1726','lmnop021'),('3252','lmnop021'),('5290','lmnop021'),('5297','lmnop021'),('5503','lmnop021'),('5572','lmnop021'),('5935','lmnop021'),('6049','lmnop021'),('6239','lmnop021'),('7005','lmnop021'),('7485','lmnop021'),('7880','lmnop021'),('7961','lmnop021'),('894','lmnop021'),('9326','lmnop021'),('9400','lmnop021'),('9623','lmnop021');
/*!40000 ALTER TABLE `staff` ENABLE KEYS */;
UNLOCK TABLES;

--
-- Table structure for table `ward`
--

DROP TABLE IF EXISTS `ward`;
/*!40101 SET @saved_cs_client     = @@character_set_client */;
/*!50503 SET character_set_client = utf8mb4 */;
CREATE TABLE `ward` (
  `number` char(50) NOT NULL,
  `managerName` char(50) DEFAULT NULL,
  `loginPassword` char(50) DEFAULT 'haider3241'
) ENGINE=InnoDB DEFAULT CHARSET=utf8mb4 COLLATE=utf8mb4_0900_ai_ci;
/*!40101 SET character_set_client = @saved_cs_client */;

--
-- Dumping data for table `ward`
--

LOCK TABLES `ward` WRITE;
/*!40000 ALTER TABLE `ward` DISABLE KEYS */;
INSERT INTO `ward` VALUES ('1','Haider Yar','haider3241');
/*!40000 ALTER TABLE `ward` ENABLE KEYS */;
UNLOCK TABLES;

--
-- Table structure for table `wardbed`
--

DROP TABLE IF EXISTS `wardbed`;
/*!40101 SET @saved_cs_client     = @@character_set_client */;
/*!50503 SET character_set_client = utf8mb4 */;
CREATE TABLE `wardbed` (
  `number` char(50) NOT NULL,
  `patientID` char(50) DEFAULT NULL,
  `patientDischargeStatus` char(50) DEFAULT NULL,
  `wardNumber` char(50) DEFAULT NULL
) ENGINE=InnoDB DEFAULT CHARSET=utf8mb4 COLLATE=utf8mb4_0900_ai_ci;
/*!40101 SET character_set_client = @saved_cs_client */;

--
-- Dumping data for table `wardbed`
--

LOCK TABLES `wardbed` WRITE;
/*!40000 ALTER TABLE `wardbed` DISABLE KEYS */;
INSERT INTO `wardbed` VALUES ('1','4889331','True','1'),('2','4897508','False','1'),('3','4962679','True','1'),('4','4924686','False','1'),('5','','','1'),('6','','','1'),('7','','','1'),('8','','','1');
/*!40000 ALTER TABLE `wardbed` ENABLE KEYS */;
UNLOCK TABLES;
/*!40103 SET TIME_ZONE=@OLD_TIME_ZONE */;

/*!40101 SET SQL_MODE=@OLD_SQL_MODE */;
/*!40014 SET FOREIGN_KEY_CHECKS=@OLD_FOREIGN_KEY_CHECKS */;
/*!40014 SET UNIQUE_CHECKS=@OLD_UNIQUE_CHECKS */;
/*!40101 SET CHARACTER_SET_CLIENT=@OLD_CHARACTER_SET_CLIENT */;
/*!40101 SET CHARACTER_SET_RESULTS=@OLD_CHARACTER_SET_RESULTS */;
/*!40101 SET COLLATION_CONNECTION=@OLD_COLLATION_CONNECTION */;
/*!40111 SET SQL_NOTES=@OLD_SQL_NOTES */;

-- Dump completed on 2022-11-27 16:51:50
